법정동코드,시도명,시군구코드,시군구명,읍면동코드,읍면동명,리명
4146134030,경기도,41461,용인시처인구,34030,원삼면,학일리
4146134031,경기도,41461,용인시처인구,34031,원삼면,문촌리
4146134032,경기도,41461,용인시처인구,34032,원삼면,가재월리
4146135000,경기도,41461,용인시처인구,35000,백암면,
4146135021,경기도,41461,용인시처인구,35021,백암면,백암리
4146135022,경기도,41461,용인시처인구,35022,백암면,박곡리
4146135023,경기도,41461,용인시처인구,35023,백암면,백봉리
4146135024,경기도,41461,용인시처인구,35024,백암면,고안리
4146135025,경기도,41461,용인시처인구,35025,백암면,옥산리
4146135026,경기도,41461,용인시처인구,35026,백암면,장평리
4146135027,경기도,41461,용인시처인구,35027,백암면,석천리
4146135028,경기도,41461,용인시처인구,35028,백암면,용천리
4146135029,경기도,41461,용인시처인구,35029,백암면,근삼리
4146135030,경기도,41461,용인시처인구,35030,백암면,근창리
4146135031,경기도,41461,용인시처인구,35031,백암면,근곡리
4146135032,경기도,41461,용인시처인구,35032,백암면,가창리
4146135033,경기도,41461,용인시처인구,35033,백암면,가좌리
4146136000,경기도,41461,용인시처인구,36000,양지면,
4146134000,경기도,41461,용인시처인구,34000,원삼면,
4146134021,경기도,41461,용인시처인구,34021,원삼면,고당리
4146134027,경기도,41461,용인시처인구,34027,원삼면,독성리
4146136021,경기도,41461,용인시처인구,36021,양지면,양지리
4146136022,경기도,41461,용인시처인구,36022,양지면,남곡리
4146136023,경기도,41461,용인시처인구,36023,양지면,평창리
4146136024,경기도,41461,용인시처인구,36024,양지면,제일리
4146136025,경기도,41461,용인시처인구,36025,양지면,추계리
4146136026,경기도,41461,용인시처인구,36026,양지면,식금리
4146136027,경기도,41461,용인시처인구,36027,양지면,정수리
4146136028,경기도,41461,용인시처인구,36028,양지면,대대리
4146136029,경기도,41461,용인시처인구,36029,양지면,주북리
4146136030,경기도,41461,용인시처인구,36030,양지면,송문리
4146300000,경기도,41463,용인시기흥구,00000,,
4146310100,경기도,41463,용인시기흥구,10100,신갈동,
4146310200,경기도,41463,용인시기흥구,10200,구갈동,
4146310300,경기도,41463,용인시기흥구,10300,상갈동,
4146310400,경기도,41463,용인시기흥구,10400,하갈동,
4146310500,경기도,41463,용인시기흥구,10500,보라동,
4146310600,경기도,41463,용인시기흥구,10600,지곡동,
4146310700,경기도,41463,용인시기흥구,10700,공세동,
4146310900,경기도,41463,용인시기흥구,10900,농서동,
4146311000,경기도,41463,용인시기흥구,11000,서천동,
4146311200,경기도,41463,용인시기흥구,11200,언남동,
4146110800,경기도,41461,용인시처인구,10800,운학동,
4146110900,경기도,41461,용인시처인구,10900,호동,
4146125000,경기도,41461,용인시처인구,25000,포곡읍,
4146125021,경기도,41461,용인시처인구,25021,포곡읍,삼계리
4146125022,경기도,41461,용인시처인구,25022,포곡읍,금어리
4146125024,경기도,41461,용인시처인구,25024,포곡읍,영문리
4146125025,경기도,41461,용인시처인구,25025,포곡읍,마성리
4146125026,경기도,41461,용인시처인구,25026,포곡읍,가실리
4146125028,경기도,41461,용인시처인구,25028,포곡읍,유운리
4146125029,경기도,41461,용인시처인구,25029,포곡읍,신원리
4146125900,경기도,41461,용인시처인구,25900,남사읍,
4146125922,경기도,41461,용인시처인구,25922,남사읍,북리
4146125923,경기도,41461,용인시처인구,25923,남사읍,통삼리
4146125924,경기도,41461,용인시처인구,25924,남사읍,봉명리
4146125926,경기도,41461,용인시처인구,25926,남사읍,원암리
4146125927,경기도,41461,용인시처인구,25927,남사읍,전궁리
4146125928,경기도,41461,용인시처인구,25928,남사읍,방아리
4146125930,경기도,41461,용인시처인구,25930,남사읍,아곡리
4146125931,경기도,41461,용인시처인구,25931,남사읍,완장리
4183039526,경기도,41830,양평군,39526,지평면,일신리
4183039528,경기도,41830,양평군,39528,지평면,곡수리
4183039529,경기도,41830,양평군,39529,지평면,수곡리
4183039530,경기도,41830,양평군,39530,지평면,옥현리
4159012500,경기도,41590,화성시,12500,송산동,
4159012600,경기도,41590,화성시,12600,안녕동,
4159025926,경기도,41590,화성시,25926,향남읍,하길리
4159025927,경기도,41590,화성시,25927,향남읍,화리현리
4159025928,경기도,41590,화성시,25928,향남읍,상두리
4159025930,경기도,41590,화성시,25930,향남읍,길성리
4148012300,경기도,41480,파주시,12300,금릉동,
4148041023,경기도,41480,파주시,41023,진서면,금릉리
4157036032,경기도,41570,김포시,36032,하성면,마근포리
4159000000,경기도,41590,화성시,00000,,
4159035000,경기도,41590,화성시,35000,서신면,
4159035021,경기도,41590,화성시,35021,서신면,전곡리
4159035022,경기도,41590,화성시,35022,서신면,상안리
4159035024,경기도,41590,화성시,35024,서신면,장외리
4159035025,경기도,41590,화성시,35025,서신면,송교리
4121000000,경기도,41210,광명시,00000,,
4121010100,경기도,41210,광명시,10100,광명동,
4121010200,경기도,41210,광명시,10200,철산동,
4121010400,경기도,41210,광명시,10400,소하동,
4121010500,경기도,41210,광명시,10500,노온사동,
4121010600,경기도,41210,광명시,10600,일직동,
4121010700,경기도,41210,광명시,10700,가학동,
4121010800,경기도,41210,광명시,10800,옥길동,
4122000000,경기도,41220,평택시,00000,,
4122010100,경기도,41220,평택시,10100,서정동,
4122010200,경기도,41220,평택시,10200,장당동,
4122010300,경기도,41220,평택시,10300,모곡동,
4122010400,경기도,41220,평택시,10400,칠괴동,
4122010500,경기도,41220,평택시,10500,칠원동,
4122010600,경기도,41220,평택시,10600,도일동,
4122010700,경기도,41220,평택시,10700,가재동,
4122010800,경기도,41220,평택시,10800,장안동,
4122010900,경기도,41220,평택시,10900,이충동,
4122011000,경기도,41220,평택시,11000,지산동,
4122011100,경기도,41220,평택시,11100,독곡동,
4122011200,경기도,41220,평택시,11200,신장동,
4122011300,경기도,41220,평택시,11300,평택동,
4122011400,경기도,41220,평택시,11400,통복동,
4122011500,경기도,41220,평택시,11500,군문동,
4122011600,경기도,41220,평택시,11600,유천동,
4122011700,경기도,41220,평택시,11700,합정동,
4122011800,경기도,41220,평택시,11800,비전동,
4122011900,경기도,41220,평택시,11900,동삭동,
4113310100,경기도,41133,성남시중원구,10100,성남동,
4113310300,경기도,41133,성남시중원구,10300,금광동,
4113310400,경기도,41133,성남시중원구,10400,은행동,
4113310500,경기도,41133,성남시중원구,10500,상대원동,
4113310600,경기도,41133,성남시중원구,10600,여수동,
4122012000,경기도,41220,평택시,12000,세교동,
4122012100,경기도,41220,평택시,12100,지제동,
4122012200,경기도,41220,평택시,12200,신대동,
4122012300,경기도,41220,평택시,12300,소사동,
4122012400,경기도,41220,평택시,12400,용이동,
4182025000,경기도,41820,가평군,25000,가평읍,
4182025021,경기도,41820,가평군,25021,가평읍,읍내리
4182025022,경기도,41820,가평군,25022,가평읍,대곡리
4182025023,경기도,41820,가평군,25023,가평읍,달전리
4182025024,경기도,41820,가평군,25024,가평읍,하색리
4182025025,경기도,41820,가평군,25025,가평읍,상색리
4180025030,경기도,41800,연천군,25030,연천읍,부곡리
4180025300,경기도,41800,연천군,25300,전곡읍,
4180025321,경기도,41800,연천군,25321,전곡읍,전곡리
4180025323,경기도,41800,연천군,25323,전곡읍,신답리
4180025324,경기도,41800,연천군,25324,전곡읍,고능리
4159013200,경기도,41590,화성시,13200,중동,
4159013300,경기도,41590,화성시,13300,신동,
4159013400,경기도,41590,화성시,13400,목동,
4159013600,경기도,41590,화성시,13600,장지동,
4159013700,경기도,41590,화성시,13700,송동,
4159013900,경기도,41590,화성시,13900,금곡동,
4159014000,경기도,41590,화성시,14000,새솔동,
4182034500,경기도,41820,가평군,34500,조종면,
4182034522,경기도,41820,가평군,34522,조종면,신상리
4182034524,경기도,41820,가평군,34524,조종면,상판리
4182034526,경기도,41820,가평군,34526,조종면,마일리
4182034527,경기도,41820,가평군,34527,조종면,대보리
4157025621,경기도,41570,김포시,25621,양촌읍,양곡리
4157025623,경기도,41570,김포시,25623,양촌읍,석모리
4157025624,경기도,41570,김포시,25624,양촌읍,구래리
4157025625,경기도,41570,김포시,25625,양촌읍,대포리
4157025627,경기도,41570,김포시,25627,양촌읍,유현리
4157025628,경기도,41570,김포시,25628,양촌읍,흥신리
4136011100,경기도,41360,남양주시,11100,별내동,
4155036026,경기도,41550,안성시,36026,양성면,도곡리
4155036027,경기도,41550,안성시,36027,양성면,산정리
4155036029,경기도,41550,안성시,36029,양성면,장서리
4155036030,경기도,41550,안성시,36030,양성면,난실리
4155036031,경기도,41550,안성시,36031,양성면,노곡리
4155036033,경기도,41550,안성시,36033,양성면,방축리
4155036034,경기도,41550,안성시,36034,양성면,필산리
4155036035,경기도,41550,안성시,36035,양성면,덕봉리
4155036037,경기도,41550,안성시,36037,양성면,삼암리
4155036038,경기도,41550,안성시,36038,양성면,방신리
4157036027,경기도,41570,김포시,36027,하성면,양택리
4157036028,경기도,41570,김포시,36028,하성면,원산리
4157036029,경기도,41570,김포시,36029,하성면,하사리
4157036031,경기도,41570,김포시,36031,하성면,전류리
4159012900,경기도,41590,화성시,12900,오산동,
4159013100,경기도,41590,화성시,13100,영천동,
4111513700,경기도,41115,수원시팔달구,13700,고등동,
4111513800,경기도,41115,수원시팔달구,13800,화서동,
4111514000,경기도,41115,수원시팔달구,14000,우만동,
4111514100,경기도,41115,수원시팔달구,14100,인계동,
4111710100,경기도,41117,수원시영통구,10100,매탄동,
4111710200,경기도,41117,수원시영통구,10200,원천동,
4111710400,경기도,41117,수원시영통구,10400,하동,
4111710500,경기도,41117,수원시영통구,10500,영통동,
4111710600,경기도,41117,수원시영통구,10600,신동,
4113000000,경기도,41130,성남시,00000,,
4113100000,경기도,41131,성남시수정구,00000,,
4113110100,경기도,41131,성남시수정구,10100,신흥동,
4113110300,경기도,41131,성남시수정구,10300,수진동,
4113110400,경기도,41131,성남시수정구,10400,단대동,
4113110500,경기도,41131,성남시수정구,10500,산성동,
4161034028,경기도,41610,광주시,34028,퇴촌면,무수리
4161034029,경기도,41610,광주시,34029,퇴촌면,원당리
4161034030,경기도,41610,광주시,34030,퇴촌면,정지리
4161035000,경기도,41610,광주시,35000,남종면,
4161035021,경기도,41610,광주시,35021,남종면,분원리
4161035022,경기도,41610,광주시,35022,남종면,금사리
4161035023,경기도,41610,광주시,35023,남종면,이석리
4159036034,경기도,41590,화성시,36034,팔탄면,고주리
4159036035,경기도,41590,화성시,36035,팔탄면,매곡리
4159036036,경기도,41590,화성시,36036,팔탄면,해창리
4159037000,경기도,41590,화성시,37000,장안면,
4159037021,경기도,41590,화성시,37021,장안면,어은리
4159037022,경기도,41590,화성시,37022,장안면,석포리
4159037023,경기도,41590,화성시,37023,장안면,수촌리
4159037024,경기도,41590,화성시,37024,장안면,독정리
4159037025,경기도,41590,화성시,37025,장안면,장안리
4159037026,경기도,41590,화성시,37026,장안면,덕다리
4159037027,경기도,41590,화성시,37027,장안면,사랑리
4159037028,경기도,41590,화성시,37028,장안면,금의리
4159037029,경기도,41590,화성시,37029,장안면,사곡리
4159037030,경기도,41590,화성시,37030,장안면,노진리
4159025335,경기도,41590,화성시,25335,봉담읍,하가등리
4159025336,경기도,41590,화성시,25336,봉담읍,상기리
4159025600,경기도,41590,화성시,25600,우정읍,
4159025621,경기도,41590,화성시,25621,우정읍,원안리
4159025622,경기도,41590,화성시,25622,우정읍,호곡리
4159025623,경기도,41590,화성시,25623,우정읍,운평리
4159040000,경기도,41590,화성시,40000,양감면,
4159040021,경기도,41590,화성시,40021,양감면,신왕리
4159040022,경기도,41590,화성시,40022,양감면,사창리
4159040023,경기도,41590,화성시,40023,양감면,정문리
4122034023,경기도,41220,평택시,34023,오성면,신리
4122034024,경기도,41220,평택시,34024,오성면,안화리
4122034025,경기도,41220,평택시,34025,오성면,양교리
4122034026,경기도,41220,평택시,34026,오성면,죽리
4122034027,경기도,41220,평택시,34027,오성면,길음리
4122034029,경기도,41220,평택시,34029,오성면,창내리
4113110600,경기도,41131,성남시수정구,10600,양지동,
4113110700,경기도,41131,성남시수정구,10700,복정동,
4113110900,경기도,41131,성남시수정구,10900,신촌동,
4113111000,경기도,41131,성남시수정구,11000,오야동,
4113111100,경기도,41131,성남시수정구,11100,심곡동,
4113111300,경기도,41131,성남시수정구,11300,상적동,
4113111400,경기도,41131,성남시수정구,11400,둔전동,
4113111500,경기도,41131,성남시수정구,11500,시흥동,
4113111700,경기도,41131,성남시수정구,11700,사송동,
4113300000,경기도,41133,성남시중원구,00000,,
4146125321,경기도,41461,용인시처인구,25321,모현읍,왕산리
4146125322,경기도,41461,용인시처인구,25322,모현읍,갈담리
4146125323,경기도,41461,용인시처인구,25323,모현읍,초부리
4146125325,경기도,41461,용인시처인구,25325,모현읍,매산리
4146125326,경기도,41461,용인시처인구,25326,모현읍,동림리
4146125327,경기도,41461,용인시처인구,25327,모현읍,능원리
4146125600,경기도,41461,용인시처인구,25600,이동읍,
4146125621,경기도,41461,용인시처인구,25621,이동읍,송전리
4146125622,경기도,41461,용인시처인구,25622,이동읍,어비리
4146125624,경기도,41461,용인시처인구,25624,이동읍,화산리
4146125625,경기도,41461,용인시처인구,25625,이동읍,시미리
4146125626,경기도,41461,용인시처인구,25626,이동읍,덕성리
4146125628,경기도,41461,용인시처인구,25628,이동읍,천리
4146125629,경기도,41461,용인시처인구,25629,이동읍,서리
4111313300,경기도,41113,수원시권선구,13300,탑동,
4111313500,경기도,41113,수원시권선구,13500,호매실동,
4111313600,경기도,41113,수원시권선구,13600,곡반정동,
4111313700,경기도,41113,수원시권선구,13700,권선동,
4111313900,경기도,41113,수원시권선구,13900,대황교동,
4111314000,경기도,41113,수원시권선구,14000,입북동,
4117100000,경기도,41171,안양시만안구,00000,,
4117110200,경기도,41171,안양시만안구,10200,석수동,
4117110300,경기도,41171,안양시만안구,10300,박달동,
4117300000,경기도,41173,안양시동안구,00000,,
4117310200,경기도,41173,안양시동안구,10200,관양동,
4117310300,경기도,41173,안양시동안구,10300,평촌동,
4119000000,경기도,41190,부천시,00000,,
4165010300,경기도,41650,포천시,10300,자작동,
4165010400,경기도,41650,포천시,10400,선단동,
4165010600,경기도,41650,포천시,10600,동교동,
4165025000,경기도,41650,포천시,25000,소흘읍,
4165025022,경기도,41650,포천시,25022,소흘읍,이동교리
4165025023,경기도,41650,포천시,25023,소흘읍,무림리
4165025024,경기도,41650,포천시,25024,소흘읍,이곡리
4165025026,경기도,41650,포천시,25026,소흘읍,고모리
4165025027,경기도,41650,포천시,25027,소흘읍,이가팔리
4165025028,경기도,41650,포천시,25028,소흘읍,초가팔리
4165031000,경기도,41650,포천시,31000,군내면,
4165031021,경기도,41650,포천시,31021,군내면,구읍리
4165031022,경기도,41650,포천시,31022,군내면,용정리
4165031023,경기도,41650,포천시,31023,군내면,유교리
4165031024,경기도,41650,포천시,31024,군내면,좌의리
4165031025,경기도,41650,포천시,31025,군내면,명산리
4165031026,경기도,41650,포천시,31026,군내면,직두리
4180036028,경기도,41800,연천군,36028,신서면,갈현리
4180036029,경기도,41800,연천군,36029,신서면,덕산리
4180036030,경기도,41800,연천군,36030,신서면,신현리
4180037000,경기도,41800,연천군,37000,중면,
4180037021,경기도,41800,연천군,37021,중면,삼곶리
4180037022,경기도,41800,연천군,37022,중면,횡산리
4180037023,경기도,41800,연천군,37023,중면,중사리
4180037024,경기도,41800,연천군,37024,중면,적거리
4180037025,경기도,41800,연천군,37025,중면,마거리
4180037026,경기도,41800,연천군,37026,중면,합수리
4180037027,경기도,41800,연천군,37027,중면,적음리
4180037028,경기도,41800,연천군,37028,중면,진곡리
4180037029,경기도,41800,연천군,37029,중면,어적산리
4180037030,경기도,41800,연천군,37030,중면,적동산리
4180037031,경기도,41800,연천군,37031,중면,도연리
4180038000,경기도,41800,연천군,38000,장남면,
4180038021,경기도,41800,연천군,38021,장남면,원당리
4180038022,경기도,41800,연천군,38022,장남면,자작리
4180038023,경기도,41800,연천군,38023,장남면,판부리
4180038024,경기도,41800,연천군,38024,장남면,반정리
4180038025,경기도,41800,연천군,38025,장남면,고랑포리
4182000000,경기도,41820,가평군,00000,,
4165036022,경기도,41650,포천시,36022,영중면,금주리
4165036023,경기도,41650,포천시,36023,영중면,거사리
4165036024,경기도,41650,포천시,36024,영중면,성동리
4165036025,경기도,41650,포천시,36025,영중면,영평리
4165036026,경기도,41650,포천시,36026,영중면,영송리
4165037000,경기도,41650,포천시,37000,일동면,
4165037021,경기도,41650,포천시,37021,일동면,길명리
4165037022,경기도,41650,포천시,37022,일동면,유동리
4165037023,경기도,41650,포천시,37023,일동면,기산리
4165037024,경기도,41650,포천시,37024,일동면,화대리
4165037025,경기도,41650,포천시,37025,일동면,사직리
4165037026,경기도,41650,포천시,37026,일동면,수입리
4165038000,경기도,41650,포천시,38000,이동면,
4165038022,경기도,41650,포천시,38022,이동면,도평리
4165038023,경기도,41650,포천시,38023,이동면,연곡리
4165038024,경기도,41650,포천시,38024,이동면,노곡리
4165039021,경기도,41650,포천시,39021,영북면,운천리
4165039022,경기도,41650,포천시,39022,영북면,자일리
4165039024,경기도,41650,포천시,39024,영북면,야미리
4165039025,경기도,41650,포천시,39025,영북면,문암리
4165039026,경기도,41650,포천시,39026,영북면,대회산리
4165040000,경기도,41650,포천시,40000,관인면,
4165040021,경기도,41650,포천시,40021,관인면,중리
4165040022,경기도,41650,포천시,40022,관인면,삼율리
4165040024,경기도,41650,포천시,40024,관인면,탄동리
4165040025,경기도,41650,포천시,40025,관인면,냉정리
4122037000,경기도,41220,평택시,37000,현덕면,
4122037022,경기도,41220,평택시,37022,현덕면,운정리
4122037023,경기도,41220,평택시,37023,현덕면,화양리
4122037025,경기도,41220,평택시,37025,현덕면,인광리
4122037026,경기도,41220,평택시,37026,현덕면,덕목리
4122037027,경기도,41220,평택시,37027,현덕면,신왕리
4122037029,경기도,41220,평택시,37029,현덕면,기산리
4122037030,경기도,41220,평택시,37030,현덕면,권관리
4122037031,경기도,41220,평택시,37031,현덕면,장수리
4122012600,경기도,41220,평택시,12600,청룡동,
4122012700,경기도,41220,평택시,12700,죽백동,
4122025021,경기도,41220,평택시,25021,팽성읍,객사리
4122025022,경기도,41220,평택시,25022,팽성읍,남산리
4122025024,경기도,41220,평택시,25024,팽성읍,노와리
4122025025,경기도,41220,평택시,25025,팽성읍,평궁리
4122025026,경기도,41220,평택시,25026,팽성읍,신궁리
4113310700,경기도,41133,성남시중원구,10700,도촌동,
4122033025,경기도,41220,평택시,33025,고덕면,해창리
4122033026,경기도,41220,평택시,33026,고덕면,궁리
4122033028,경기도,41220,평택시,33028,고덕면,방축리
4122033029,경기도,41220,평택시,33029,고덕면,여염리
4122033031,경기도,41220,평택시,33031,고덕면,좌교리
4122034000,경기도,41220,평택시,34000,오성면,
4122034021,경기도,41220,평택시,34021,오성면,숙성리
4165034023,경기도,41650,포천시,34023,신북면,신평리
4165034024,경기도,41650,포천시,34024,신북면,만세교리
4165034025,경기도,41650,포천시,34025,신북면,심곡리
4180036022,경기도,41800,연천군,36022,신서면,도신리
4180036023,경기도,41800,연천군,36023,신서면,내산리
4180036025,경기도,41800,연천군,36025,신서면,답곡리
4180036026,경기도,41800,연천군,36026,신서면,승양리
4180036027,경기도,41800,연천군,36027,신서면,도밀리
4161010400,경기도,41610,광주시,10400,회덕동,
4161010500,경기도,41610,광주시,10500,탄벌동,
4161010700,경기도,41610,광주시,10700,삼동,
4161010800,경기도,41610,광주시,10800,중대동,
4161010900,경기도,41610,광주시,10900,직동,
4161011000,경기도,41610,광주시,11000,태전동,
4183039500,경기도,41830,양평군,39500,지평면,
4183039521,경기도,41830,양평군,39521,지평면,지평리
4183039522,경기도,41830,양평군,39522,지평면,송현리
4183039523,경기도,41830,양평군,39523,지평면,월산리
4183039524,경기도,41830,양평군,39524,지평면,망미리
4183039525,경기도,41830,양평군,39525,지평면,무왕리
4159025931,경기도,41590,화성시,25931,향남읍,요리
4159025932,경기도,41590,화성시,25932,향남읍,수직리
4159025933,경기도,41590,화성시,25933,향남읍,갈천리
4159025934,경기도,41590,화성시,25934,향남읍,증거리
4159025935,경기도,41590,화성시,25935,향남읍,송곡리
4159025936,경기도,41590,화성시,25936,향남읍,동오리
4159025937,경기도,41590,화성시,25937,향남읍,관리
4159025938,경기도,41590,화성시,25938,향남읍,도이리
4159025939,경기도,41590,화성시,25939,향남읍,행정리
4159025940,경기도,41590,화성시,25940,향남읍,방축리
4122025600,경기도,41220,평택시,25600,포승읍,
4122025621,경기도,41220,평택시,25621,포승읍,내기리
4122025622,경기도,41220,평택시,25622,포승읍,도곡리
4122025623,경기도,41220,평택시,25623,포승읍,원정리
4122025624,경기도,41220,평택시,25624,포승읍,만호리
4122025625,경기도,41220,평택시,25625,포승읍,희곡리
4122025626,경기도,41220,평택시,25626,포승읍,신영리
4122025627,경기도,41220,평택시,25627,포승읍,방림리
4122025628,경기도,41220,평택시,25628,포승읍,석정리
4122025629,경기도,41220,평택시,25629,포승읍,홍원리
4136026521,경기도,41360,남양주시,26521,퇴계원읍,퇴계원리
4136026500,경기도,41360,남양주시,26500,퇴계원읍,
4159012700,경기도,41590,화성시,12700,반송동,
4159012800,경기도,41590,화성시,12800,석우동,
4159025941,경기도,41590,화성시,25941,향남읍,장짐리
4159025900,경기도,41590,화성시,25900,향남읍,
4159025921,경기도,41590,화성시,25921,향남읍,평리
4159025922,경기도,41590,화성시,25922,향남읍,발안리
4159025923,경기도,41590,화성시,25923,향남읍,제암리
4159025924,경기도,41590,화성시,25924,향남읍,상신리
4159025925,경기도,41590,화성시,25925,향남읍,구문천리
4146000000,경기도,41460,용인시,00000,,
4146100000,경기도,41461,용인시처인구,00000,,
4146110200,경기도,41461,용인시처인구,10200,역북동,
4146110300,경기도,41461,용인시처인구,10300,삼가동,
4146110400,경기도,41461,용인시처인구,10400,남동,
4146110600,경기도,41461,용인시처인구,10600,고림동,
4146110700,경기도,41461,용인시처인구,10700,마평동,
4161025921,경기도,41610,광주시,25921,곤지암읍,곤지암리
4161025922,경기도,41610,광주시,25922,곤지암읍,수양리
4161025923,경기도,41610,광주시,25923,곤지암읍,신촌리
4161025925,경기도,41610,광주시,25925,곤지암읍,부항리
4161025926,경기도,41610,광주시,25926,곤지암읍,이선리
4161025927,경기도,41610,광주시,25927,곤지암읍,만선리
4161025929,경기도,41610,광주시,25929,곤지암읍,삼합리
4161025930,경기도,41610,광주시,25930,곤지암읍,건업리
4161025932,경기도,41610,광주시,25932,곤지암읍,연곡리
4161025933,경기도,41610,광주시,25933,곤지암읍,오향리
4161025934,경기도,41610,광주시,25934,곤지암읍,열미리
4161025936,경기도,41610,광주시,25936,곤지암읍,삼리
4159026200,경기도,41590,화성시,26200,남양읍,
4159026222,경기도,41590,화성시,26222,남양읍,신남리
4159026224,경기도,41590,화성시,26224,남양읍,안석리
4159026225,경기도,41590,화성시,26225,남양읍,활초리
4159026226,경기도,41590,화성시,26226,남양읍,온석리
4159026228,경기도,41590,화성시,26228,남양읍,북양리
4159026229,경기도,41590,화성시,26229,남양읍,송림리
4159026230,경기도,41590,화성시,26230,남양읍,수화리
4159026232,경기도,41590,화성시,26232,남양읍,신외리
4159026233,경기도,41590,화성시,26233,남양읍,문호리
4159026235,경기도,41590,화성시,26235,남양읍,원천리
4159026221,경기도,41590,화성시,26221,남양읍,남양리
4146134022,경기도,41461,용인시처인구,34022,원삼면,사암리
4146134024,경기도,41461,용인시처인구,34024,원삼면,맹리
4146134025,경기도,41461,용인시처인구,34025,원삼면,미평리
4146134026,경기도,41461,용인시처인구,34026,원삼면,두창리
4159011700,경기도,41590,화성시,11700,병점동,
4159011800,경기도,41590,화성시,11800,능동,
4159011900,경기도,41590,화성시,11900,기산동,
4159012100,경기도,41590,화성시,12100,반정동,
4159012200,경기도,41590,화성시,12200,황계동,
4146311300,경기도,41463,용인시기흥구,11300,마북동,
4146311400,경기도,41463,용인시기흥구,11400,청덕동,
4146311500,경기도,41463,용인시기흥구,11500,동백동,
4146311700,경기도,41463,용인시기흥구,11700,상하동,
4146311800,경기도,41463,용인시기흥구,11800,보정동,
4146510100,경기도,41465,용인시수지구,10100,풍덕천동,
4146510200,경기도,41465,용인시수지구,10200,죽전동,
4146510300,경기도,41465,용인시수지구,10300,동천동,
4146510500,경기도,41465,용인시수지구,10500,신봉동,
4146510600,경기도,41465,용인시수지구,10600,성복동,
4146134029,경기도,41461,용인시처인구,34029,원삼면,목신리
4161011100,경기도,41610,광주시,11100,장지동,
4161011200,경기도,41610,광주시,11200,역동,
4161011300,경기도,41610,광주시,11300,목동,
4161025300,경기도,41610,광주시,25300,초월읍,
4161025321,경기도,41610,광주시,25321,초월읍,대쌍령리
4163032030,경기도,41630,양주시,32030,남면,황방리
4163033000,경기도,41630,양주시,33000,광적면,
4163033021,경기도,41630,양주시,33021,광적면,가납리
4163033022,경기도,41630,양주시,33022,광적면,광석리
4163033023,경기도,41630,양주시,33023,광적면,우고리
4163033024,경기도,41630,양주시,33024,광적면,비암리
4163033025,경기도,41630,양주시,33025,광적면,효촌리
4163033026,경기도,41630,양주시,33026,광적면,덕도리
4163033027,경기도,41630,양주시,33027,광적면,석우리
4163034000,경기도,41630,양주시,34000,장흥면,
4161025322,경기도,41610,광주시,25322,초월읍,쌍동리
4161025323,경기도,41610,광주시,25323,초월읍,산이리
4161025324,경기도,41610,광주시,25324,초월읍,늑현리
4161025325,경기도,41610,광주시,25325,초월읍,학동리
4161025326,경기도,41610,광주시,25326,초월읍,선동리
4161025327,경기도,41610,광주시,25327,초월읍,용수리
4161025328,경기도,41610,광주시,25328,초월읍,신월리
4161025329,경기도,41610,광주시,25329,초월읍,지월리
4161025330,경기도,41610,광주시,25330,초월읍,무갑리
4159041036,경기도,41590,화성시,41036,정남면,내리
4161035028,경기도,41610,광주시,35028,남종면,우천리
4159025624,경기도,41590,화성시,25624,우정읍,한각리
4159025625,경기도,41590,화성시,25625,우정읍,멱우리
4159025626,경기도,41590,화성시,25626,우정읍,화수리
4159025627,경기도,41590,화성시,25627,우정읍,주곡리
4159025628,경기도,41590,화성시,25628,우정읍,이화리
4159025629,경기도,41590,화성시,25629,우정읍,석천리
4159025630,경기도,41590,화성시,25630,우정읍,매향리
4159025631,경기도,41590,화성시,25631,우정읍,화산리
4159025632,경기도,41590,화성시,25632,우정읍,조암리
4159025633,경기도,41590,화성시,25633,우정읍,국화리
4159031000,경기도,41590,화성시,31000,매송면,
4159031021,경기도,41590,화성시,31021,매송면,천천리
4159031023,경기도,41590,화성시,31023,매송면,어천리
4159031024,경기도,41590,화성시,31024,매송면,숙곡리
4159031025,경기도,41590,화성시,31025,매송면,야목리
4159031027,경기도,41590,화성시,31027,매송면,원리
4159032000,경기도,41590,화성시,32000,비봉면,
4159032022,경기도,41590,화성시,32022,비봉면,남전리
4159032023,경기도,41590,화성시,32023,비봉면,유포리
4159032024,경기도,41590,화성시,32024,비봉면,삼화리
4159032026,경기도,41590,화성시,32026,비봉면,쌍학리
4159032027,경기도,41590,화성시,32027,비봉면,청요리
4159032028,경기도,41590,화성시,32028,비봉면,자안리
4159033021,경기도,41590,화성시,33021,마도면,석교리
4159033022,경기도,41590,화성시,33022,마도면,두곡리
4159033024,경기도,41590,화성시,33024,마도면,쌍송리
4159033025,경기도,41590,화성시,33025,마도면,청원리
4159033026,경기도,41590,화성시,33026,마도면,슬항리
4159033028,경기도,41590,화성시,33028,마도면,백곡리
4159033029,경기도,41590,화성시,33029,마도면,금당리
4159033030,경기도,41590,화성시,33030,마도면,고모리
4159034021,경기도,41590,화성시,34021,송산면,사강리
4159034022,경기도,41590,화성시,34022,송산면,봉가리
4159034024,경기도,41590,화성시,34024,송산면,용포리
4159034025,경기도,41590,화성시,34025,송산면,고정리
4159034026,경기도,41590,화성시,34026,송산면,쌍정리
4161025331,경기도,41610,광주시,25331,초월읍,서하리
4161025332,경기도,41610,광주시,25332,초월읍,도평리
4163034022,경기도,41630,양주시,34022,장흥면,울대리
4163034023,경기도,41630,양주시,34023,장흥면,부곡리
4163034024,경기도,41630,양주시,34024,장흥면,석현리
4163034026,경기도,41630,양주시,34026,장흥면,삼상리
4163034027,경기도,41630,양주시,34027,장흥면,삼하리
4165000000,경기도,41650,포천시,00000,,
4165010200,경기도,41650,포천시,10200,어룡동,
4165034026,경기도,41650,포천시,34026,신북면,계류리
4165034028,경기도,41650,포천시,34028,신북면,삼성당리
4165034029,경기도,41650,포천시,34029,신북면,삼정리
4165034030,경기도,41650,포천시,34030,신북면,갈월리
4165034032,경기도,41650,포천시,34032,신북면,덕둔리
4127110500,경기도,41271,안산시상록구,10500,팔곡이동,
4127110700,경기도,41271,안산시상록구,10700,부곡동,
4127110800,경기도,41271,안산시상록구,10800,성포동,
4127110900,경기도,41271,안산시상록구,10900,월피동,
4127111100,경기도,41271,안산시상록구,11100,건건동,
4127111200,경기도,41271,안산시상록구,11200,사사동,
4127111300,경기도,41271,안산시상록구,11300,수암동,
4136025622,경기도,41360,남양주시,25622,화도읍,묵현리
4136025623,경기도,41360,남양주시,25623,화도읍,가곡리
4127111500,경기도,41271,안산시상록구,11500,장하동,
4127310100,경기도,41273,안산시단원구,10100,고잔동,
4127310200,경기도,41273,안산시단원구,10200,와동,
4111314100,경기도,41113,수원시권선구,14100,당수동,
4111500000,경기도,41115,수원시팔달구,00000,,
4111512000,경기도,41115,수원시팔달구,12000,팔달로1가,
4111512100,경기도,41115,수원시팔달구,12100,팔달로2가,
4111512200,경기도,41115,수원시팔달구,12200,팔달로3가,
4111512300,경기도,41115,수원시팔달구,12300,남창동,
4111512400,경기도,41115,수원시팔달구,12400,영동,
4111512500,경기도,41115,수원시팔달구,12500,중동,
4111512600,경기도,41115,수원시팔달구,12600,구천동,
4111512700,경기도,41115,수원시팔달구,12700,남수동,
4111512800,경기도,41115,수원시팔달구,12800,매향동,
4111512900,경기도,41115,수원시팔달구,12900,북수동,
4111513000,경기도,41115,수원시팔달구,13000,신풍동,
4111513100,경기도,41115,수원시팔달구,13100,장안동,
4111513200,경기도,41115,수원시팔달구,13200,교동,
4111513300,경기도,41115,수원시팔달구,13300,매교동,
4111513400,경기도,41115,수원시팔달구,13400,매산로1가,
4111513500,경기도,41115,수원시팔달구,13500,매산로2가,
4111513600,경기도,41115,수원시팔달구,13600,매산로3가,
4163000000,경기도,41630,양주시,00000,,
4163010100,경기도,41630,양주시,10100,유양동,
4163010200,경기도,41630,양주시,10200,어둔동,
4163010300,경기도,41630,양주시,10300,남방동,
4163010400,경기도,41630,양주시,10400,마전동,
4163010500,경기도,41630,양주시,10500,산북동,
4163010600,경기도,41630,양주시,10600,광사동,
4163010700,경기도,41630,양주시,10700,만송동,
4163010800,경기도,41630,양주시,10800,삼숭동,
4163010900,경기도,41630,양주시,10900,고읍동,
4163011000,경기도,41630,양주시,11000,덕정동,
4163011100,경기도,41630,양주시,11100,봉양동,
4163011200,경기도,41630,양주시,11200,회암동,
4163011300,경기도,41630,양주시,11300,율정동,
4163011400,경기도,41630,양주시,11400,옥정동,
4163011500,경기도,41630,양주시,11500,고암동,
4163011600,경기도,41630,양주시,11600,덕계동,
4163011700,경기도,41630,양주시,11700,회정동,
4163025000,경기도,41630,양주시,25000,백석읍,
4163025021,경기도,41630,양주시,25021,백석읍,방성리
4163025022,경기도,41630,양주시,25022,백석읍,오산리
4163025024,경기도,41630,양주시,25024,백석읍,가업리
4163025025,경기도,41630,양주시,25025,백석읍,홍죽리
4163025026,경기도,41630,양주시,25026,백석읍,연곡리
4163031000,경기도,41630,양주시,31000,은현면,
4163031021,경기도,41630,양주시,31021,은현면,용암리
4163031022,경기도,41630,양주시,31022,은현면,선암리
4163031024,경기도,41630,양주시,31024,은현면,봉암리
4163031025,경기도,41630,양주시,31025,은현면,하패리
4163031026,경기도,41630,양주시,31026,은현면,도하리
4155042022,경기도,41550,안성시,42022,고삼면,신창리
4155042023,경기도,41550,안성시,42023,고삼면,대갈리
4155034000,경기도,41550,안성시,34000,미양면,
4183036022,경기도,41830,양평군,36022,단월면,삼가리
4183036023,경기도,41830,양평군,36023,단월면,봉상리
4183036025,경기도,41830,양평군,36025,단월면,덕수리
4183036026,경기도,41830,양평군,36026,단월면,부안리
4183036027,경기도,41830,양평군,36027,단월면,명성리
4183036029,경기도,41830,양평군,36029,단월면,산음리
4183037000,경기도,41830,양평군,37000,청운면,
4183037022,경기도,41830,양평군,37022,청운면,여물리
4183037023,경기도,41830,양평군,37023,청운면,비룡리
4183037024,경기도,41830,양평군,37024,청운면,가현리
4183037026,경기도,41830,양평군,37026,청운면,도원리
4183037027,경기도,41830,양평군,37027,청운면,신론리
4183037028,경기도,41830,양평군,37028,청운면,삼성리
4183038000,경기도,41830,양평군,38000,양동면,
4183038021,경기도,41830,양평군,38021,양동면,쌍학리
4183038022,경기도,41830,양평군,38022,양동면,석곡리
4148025300,경기도,41480,파주시,25300,파주읍,
4148025321,경기도,41480,파주시,25321,파주읍,봉서리
4148025323,경기도,41480,파주시,25323,파주읍,부곡리
4148025324,경기도,41480,파주시,25324,파주읍,봉암리
4148025325,경기도,41480,파주시,25325,파주읍,백석리
4159025321,경기도,41590,화성시,25321,봉담읍,상리
4159025322,경기도,41590,화성시,25322,봉담읍,내리
4159025324,경기도,41590,화성시,25324,봉담읍,동화리
4159025325,경기도,41590,화성시,25325,봉담읍,와우리
4159025326,경기도,41590,화성시,25326,봉담읍,수기리
4159025328,경기도,41590,화성시,25328,봉담읍,왕림리
4159025329,경기도,41590,화성시,25329,봉담읍,세곡리
4159025330,경기도,41590,화성시,25330,봉담읍,당하리
4159025332,경기도,41590,화성시,25332,봉담읍,유리
4159025333,경기도,41590,화성시,25333,봉담읍,덕리
4157010300,경기도,41570,김포시,10300,운양동,
4157010400,경기도,41570,김포시,10400,장기동,
4157010500,경기도,41570,김포시,10500,감정동,
4157010700,경기도,41570,김포시,10700,풍무동,
4157025000,경기도,41570,김포시,25000,통진읍,
4183038025,경기도,41830,양평군,38025,양동면,금왕리
4183038026,경기도,41830,양평군,38026,양동면,계정리
4183038027,경기도,41830,양평군,38027,양동면,삼산리
4183038028,경기도,41830,양평군,38028,양동면,단석리
4183040000,경기도,41830,양평군,40000,용문면,
4183040021,경기도,41830,양평군,40021,용문면,마룡리
4183040022,경기도,41830,양평군,40022,용문면,화전리
4183040023,경기도,41830,양평군,40023,용문면,삼성리
4183040024,경기도,41830,양평군,40024,용문면,다문리
4183040025,경기도,41830,양평군,40025,용문면,연수리
4183040026,경기도,41830,양평군,40026,용문면,금곡리
4183040027,경기도,41830,양평군,40027,용문면,광탄리
4183040028,경기도,41830,양평군,40028,용문면,망능리
4183040029,경기도,41830,양평군,40029,용문면,중원리
4183040030,경기도,41830,양평군,40030,용문면,조현리
4183040031,경기도,41830,양평군,40031,용문면,덕촌리
4183040032,경기도,41830,양평군,40032,용문면,오촌리
4183040033,경기도,41830,양평군,40033,용문면,신점리
4183041000,경기도,41830,양평군,41000,개군면,
4183041021,경기도,41830,양평군,41021,개군면,하자포리
4183041022,경기도,41830,양평군,41022,개군면,구미리
4183041023,경기도,41830,양평군,41023,개군면,앙덕리
4183041024,경기도,41830,양평군,41024,개군면,석장리
4183041025,경기도,41830,양평군,41025,개군면,공세리
4180033041,경기도,41800,연천군,33041,백학면,두매리
4180033046,경기도,41800,연천군,33046,백학면,석장리
4180034000,경기도,41800,연천군,34000,미산면,
4180034021,경기도,41800,연천군,34021,미산면,동이리
4180034022,경기도,41800,연천군,34022,미산면,아미리
4180034023,경기도,41800,연천군,34023,미산면,백석리
4180034024,경기도,41800,연천군,34024,미산면,유촌리
4180034025,경기도,41800,연천군,34025,미산면,광동리
4180034026,경기도,41800,연천군,34026,미산면,마전리
4180034027,경기도,41800,연천군,34027,미산면,우정리
4183025024,경기도,41830,양평군,25024,양평읍,덕평리
4183025025,경기도,41830,양평군,25025,양평읍,공흥리
4183025026,경기도,41830,양평군,25026,양평읍,백안리
4183025027,경기도,41830,양평군,25027,양평읍,도곡리
4111000000,경기도,41110,수원시,00000,,
4111100000,경기도,41111,수원시장안구,00000,,
4111112900,경기도,41111,수원시장안구,12900,파장동,
4111113000,경기도,41111,수원시장안구,13000,정자동,
4111113100,경기도,41111,수원시장안구,13100,이목동,
4115010900,경기도,41150,의정부시,10900,금오동,
4111113200,경기도,41111,수원시장안구,13200,율전동,
4111113400,경기도,41111,수원시장안구,13400,영화동,
4111113500,경기도,41111,수원시장안구,13500,송죽동,
4111113600,경기도,41111,수원시장안구,13600,조원동,
4111113800,경기도,41111,수원시장안구,13800,상광교동,
4111113900,경기도,41111,수원시장안구,13900,하광교동,
4111300000,경기도,41113,수원시권선구,00000,,
4115011000,경기도,41150,의정부시,11000,가능동,
4115011100,경기도,41150,의정부시,11100,녹양동,
4111312700,경기도,41113,수원시권선구,12700,평동,
4115011300,경기도,41150,의정부시,11300,산곡동,
4117000000,경기도,41170,안양시,00000,,
4122032027,경기도,41220,평택시,32027,서탄면,적봉리
4155031028,경기도,41550,안성시,31028,보개면,이전리
4155031029,경기도,41550,안성시,31029,보개면,불현리
4159035027,경기도,41590,화성시,35027,서신면,홍법리
4159035028,경기도,41590,화성시,35028,서신면,사곳리
4159035030,경기도,41590,화성시,35030,서신면,용두리
4159035031,경기도,41590,화성시,35031,서신면,궁평리
4159035032,경기도,41590,화성시,35032,서신면,백미리
4159036021,경기도,41590,화성시,36021,팔탄면,하저리
4159036022,경기도,41590,화성시,36022,팔탄면,창곡리
4159036024,경기도,41590,화성시,36024,팔탄면,가재리
4159036025,경기도,41590,화성시,36025,팔탄면,구장리
4159036026,경기도,41590,화성시,36026,팔탄면,율암리
4159036028,경기도,41590,화성시,36028,팔탄면,덕천리
4159036029,경기도,41590,화성시,36029,팔탄면,지월리
4159036030,경기도,41590,화성시,36030,팔탄면,덕우리
4159036032,경기도,41590,화성시,36032,팔탄면,월문리
4159036033,경기도,41590,화성시,36033,팔탄면,화당리
4161035025,경기도,41610,광주시,35025,남종면,귀여리
4161035026,경기도,41610,광주시,35026,남종면,검천리
4161035027,경기도,41610,광주시,35027,남종면,수청리
4159041023,경기도,41590,화성시,41023,정남면,보통리
4159041024,경기도,41590,화성시,41024,정남면,관항리
4159041025,경기도,41590,화성시,41025,정남면,오일리
4159041027,경기도,41590,화성시,41027,정남면,문학리
4159041028,경기도,41590,화성시,41028,정남면,신리
4159041030,경기도,41590,화성시,41030,정남면,귀래리
4159041031,경기도,41590,화성시,41031,정남면,제기리
4159041032,경기도,41590,화성시,41032,정남면,덕절리
4159041034,경기도,41590,화성시,41034,정남면,망월리
4159041035,경기도,41590,화성시,41035,정남면,수면리
4159040024,경기도,41590,화성시,40024,양감면,송산리
4159040026,경기도,41590,화성시,40026,양감면,요당리
4159040027,경기도,41590,화성시,40027,양감면,대양리
4159041000,경기도,41590,화성시,41000,정남면,
4157025600,경기도,41570,김포시,25600,양촌읍,
4157034000,경기도,41570,김포시,34000,대곶면,
4157034021,경기도,41570,김포시,34021,대곶면,대능리
4157034022,경기도,41570,김포시,34022,대곶면,대벽리
4157034023,경기도,41570,김포시,34023,대곶면,약암리
4157034024,경기도,41570,김포시,34024,대곶면,상마리
4157034025,경기도,41570,김포시,34025,대곶면,율생리
4157034026,경기도,41570,김포시,34026,대곶면,초원지리
4157034027,경기도,41570,김포시,34027,대곶면,거물대리
4157034028,경기도,41570,김포시,34028,대곶면,오니산리
4157034029,경기도,41570,김포시,34029,대곶면,송마리
4157034030,경기도,41570,김포시,34030,대곶면,석정리
4157034031,경기도,41570,김포시,34031,대곶면,쇄암리
4157034032,경기도,41570,김포시,34032,대곶면,신안리
4157034033,경기도,41570,김포시,34033,대곶면,대명리
4157035000,경기도,41570,김포시,35000,월곶면,
4157035021,경기도,41570,김포시,35021,월곶면,군하리
4157035022,경기도,41570,김포시,35022,월곶면,고막리
4157035023,경기도,41570,김포시,35023,월곶면,갈산리
4159034028,경기도,41590,화성시,34028,송산면,신천리
4159034029,경기도,41590,화성시,34029,송산면,독지리
4159034030,경기도,41590,화성시,34030,송산면,마산리
4159034031,경기도,41590,화성시,34031,송산면,고포리
4159034032,경기도,41590,화성시,34032,송산면,지화리
4159034033,경기도,41590,화성시,34033,송산면,중송리
4159034034,경기도,41590,화성시,34034,송산면,육일리
4157035024,경기도,41570,김포시,35024,월곶면,고양리
4157035025,경기도,41570,김포시,35025,월곶면,포내리
4157035026,경기도,41570,김포시,35026,월곶면,성동리
4157035027,경기도,41570,김포시,35027,월곶면,보구곶리
4157035028,경기도,41570,김포시,35028,월곶면,용강리
4157035029,경기도,41570,김포시,35029,월곶면,조강리
4157035030,경기도,41570,김포시,35030,월곶면,개곡리
4157036000,경기도,41570,김포시,36000,하성면,
4157036021,경기도,41570,김포시,36021,하성면,마곡리
4157036022,경기도,41570,김포시,36022,하성면,석탄리
4157036023,경기도,41570,김포시,36023,하성면,후평리
4157036024,경기도,41570,김포시,36024,하성면,시암리
4157036025,경기도,41570,김포시,36025,하성면,마조리
4157036026,경기도,41570,김포시,36026,하성면,가금리
4161033021,경기도,41610,광주시,33021,도척면,노곡리
4161033022,경기도,41610,광주시,33022,도척면,유정리
4161033023,경기도,41610,광주시,33023,도척면,방도리
4161033025,경기도,41610,광주시,33025,도척면,상림리
4161033026,경기도,41610,광주시,33026,도척면,도웅리
4161033028,경기도,41610,광주시,33028,도척면,진우리
4161034000,경기도,41610,광주시,34000,퇴촌면,
4161034021,경기도,41610,광주시,34021,퇴촌면,광동리
4161034023,경기도,41610,광주시,34023,퇴촌면,우산리
4161034024,경기도,41610,광주시,34024,퇴촌면,영동리
4161034025,경기도,41610,광주시,34025,퇴촌면,도수리
4163032022,경기도,41630,양주시,32022,남면,신암리
4163032023,경기도,41630,양주시,32023,남면,매곡리
4163032025,경기도,41630,양주시,32025,남면,두곡리
4163032026,경기도,41630,양주시,32026,남면,경신리
4163032027,경기도,41630,양주시,32027,남면,상수리
4163032029,경기도,41630,양주시,32029,남면,한산리
4128710700,경기도,41287,고양시일산서구,10700,구산동,
4129000000,경기도,41290,과천시,00000,,
4129010100,경기도,41290,과천시,10100,관문동,
4129010200,경기도,41290,과천시,10200,문원동,
4129010400,경기도,41290,과천시,10400,막계동,
4129010500,경기도,41290,과천시,10500,과천동,
4129010600,경기도,41290,과천시,10600,주암동,
4125000000,경기도,41250,동두천시,00000,,
4125010100,경기도,41250,동두천시,10100,송내동,
4125010300,경기도,41250,동두천시,10300,생연동,
4125010400,경기도,41250,동두천시,10400,광암동,
4125010500,경기도,41250,동두천시,10500,걸산동,
4125010700,경기도,41250,동두천시,10700,동두천동,
4125010800,경기도,41250,동두천시,10800,안흥동,
4125011000,경기도,41250,동두천시,11000,하봉암동,
4125011100,경기도,41250,동두천시,11100,탑동동,
4125011200,경기도,41250,동두천시,11200,상패동,
4127100000,경기도,41271,안산시상록구,00000,,
4128112200,경기도,41281,고양시덕양구,12200,대장동,
4128112400,경기도,41281,고양시덕양구,12400,강매동,
4128112500,경기도,41281,고양시덕양구,12500,행주내동,
4128112700,경기도,41281,고양시덕양구,12700,신평동,
4128112800,경기도,41281,고양시덕양구,12800,행신동,
4128112900,경기도,41281,고양시덕양구,12900,화전동,
4128113100,경기도,41281,고양시덕양구,13100,덕은동,
4128113200,경기도,41281,고양시덕양구,13200,향동동,
4128500000,경기도,41285,고양시일산동구,00000,,
4128510200,경기도,41285,고양시일산동구,10200,중산동,
4128510300,경기도,41285,고양시일산동구,10300,정발산동,
4128510400,경기도,41285,고양시일산동구,10400,장항동,
4128510600,경기도,41285,고양시일산동구,10600,백석동,
4128510700,경기도,41285,고양시일산동구,10700,풍동,
4128510800,경기도,41285,고양시일산동구,10800,산황동,
4128511000,경기도,41285,고양시일산동구,11000,지영동,
4128511100,경기도,41285,고양시일산동구,11100,설문동,
4128511200,경기도,41285,고양시일산동구,11200,문봉동,
4128511300,경기도,41285,고양시일산동구,11300,성석동,
4128700000,경기도,41287,고양시일산서구,00000,,
4128710100,경기도,41287,고양시일산서구,10100,일산동,
4128710200,경기도,41287,고양시일산서구,10200,주엽동,
4128710300,경기도,41287,고양시일산서구,10300,탄현동,
4128710400,경기도,41287,고양시일산서구,10400,대화동,
4128710500,경기도,41287,고양시일산서구,10500,덕이동,
4128710600,경기도,41287,고양시일산서구,10600,가좌동,
4165031027,경기도,41650,포천시,31027,군내면,상성북리
4165031028,경기도,41650,포천시,31028,군내면,하성북리
4165032000,경기도,41650,포천시,32000,내촌면,
4165032021,경기도,41650,포천시,32021,내촌면,진목리
4165032022,경기도,41650,포천시,32022,내촌면,마명리
4165032023,경기도,41650,포천시,32023,내촌면,음현리
4165032024,경기도,41650,포천시,32024,내촌면,내리
4165032025,경기도,41650,포천시,32025,내촌면,소학리
4165032026,경기도,41650,포천시,32026,내촌면,신팔리
4165033000,경기도,41650,포천시,33000,가산면,
4165033021,경기도,41650,포천시,33021,가산면,마산리
4165033022,경기도,41650,포천시,33022,가산면,감암리
4165033023,경기도,41650,포천시,33023,가산면,방축리
4165033024,경기도,41650,포천시,33024,가산면,가산리
4165033025,경기도,41650,포천시,33025,가산면,정교리
4113310800,경기도,41133,성남시중원구,10800,갈현동,
4113310900,경기도,41133,성남시중원구,10900,하대원동,
4113500000,경기도,41135,성남시분당구,00000,,
4113510100,경기도,41135,성남시분당구,10100,분당동,
4113510200,경기도,41135,성남시분당구,10200,수내동,
4113510300,경기도,41135,성남시분당구,10300,정자동,
4113510400,경기도,41135,성남시분당구,10400,율동,
4113510500,경기도,41135,성남시분당구,10500,서현동,
4113510600,경기도,41135,성남시분당구,10600,이매동,
4113510700,경기도,41135,성남시분당구,10700,야탑동,
4113510800,경기도,41135,성남시분당구,10800,판교동,
4113510900,경기도,41135,성남시분당구,10900,삼평동,
4113511000,경기도,41135,성남시분당구,11000,백현동,
4113511100,경기도,41135,성남시분당구,11100,금곡동,
4113511300,경기도,41135,성남시분당구,11300,동원동,
4113511400,경기도,41135,성남시분당구,11400,구미동,
4113511500,경기도,41135,성남시분당구,11500,운중동,
4113511700,경기도,41135,성남시분당구,11700,석운동,
4113511800,경기도,41135,성남시분당구,11800,하산운동,
4115000000,경기도,41150,의정부시,00000,,
4115010200,경기도,41150,의정부시,10200,호원동,
4115010300,경기도,41150,의정부시,10300,장암동,
4115010500,경기도,41150,의정부시,10500,용현동,
4115010600,경기도,41150,의정부시,10600,민락동,
4115010700,경기도,41150,의정부시,10700,낙양동,
4122031022,경기도,41220,평택시,31022,진위면,마산리
4122031023,경기도,41220,평택시,31023,진위면,은산리
4122031025,경기도,41220,평택시,31025,진위면,고현리
4122031026,경기도,41220,평택시,31026,진위면,청호리
4122031027,경기도,41220,평택시,31027,진위면,갈곶리
4122031029,경기도,41220,평택시,31029,진위면,가곡리
4122031030,경기도,41220,평택시,31030,진위면,견산리
4122031031,경기도,41220,평택시,31031,진위면,하북리
4122032000,경기도,41220,평택시,32000,서탄면,
4122032021,경기도,41220,평택시,32021,서탄면,금암리
4122032023,경기도,41220,평택시,32023,서탄면,수월암리
4122032024,경기도,41220,평택시,32024,서탄면,내천리
4122032025,경기도,41220,평택시,32025,서탄면,마두리
4128111200,경기도,41281,고양시덕양구,11200,동산동,
4128111300,경기도,41281,고양시덕양구,11300,용두동,
4128111400,경기도,41281,고양시덕양구,11400,벽제동,
4128111600,경기도,41281,고양시덕양구,11600,고양동,
4128111700,경기도,41281,고양시덕양구,11700,대자동,
4128111900,경기도,41281,고양시덕양구,11900,내유동,
4128112000,경기도,41281,고양시덕양구,12000,토당동,
4128112100,경기도,41281,고양시덕양구,12100,내곡동,
4155032031,경기도,41550,안성시,32031,금광면,오산리
4155032032,경기도,41550,안성시,32032,금광면,옥정리
4150037026,경기도,41500,이천시,37026,설성면,장천리
4150037027,경기도,41500,이천시,37027,설성면,자석리
4150037028,경기도,41500,이천시,37028,설성면,암산리
4155033000,경기도,41550,안성시,33000,서운면,
4155033021,경기도,41550,안성시,33021,서운면,인리
4155033022,경기도,41550,안성시,33022,서운면,청용리
4155033024,경기도,41550,안성시,33024,서운면,신촌리
4155033025,경기도,41550,안성시,33025,서운면,산평리
4155033027,경기도,41550,안성시,33027,서운면,동촌리
4155033028,경기도,41550,안성시,33028,서운면,신흥리
4155033029,경기도,41550,안성시,33029,서운면,신능리
4155033031,경기도,41550,안성시,33031,서운면,송산리
4155033032,경기도,41550,안성시,33032,서운면,오촌리
4155033033,경기도,41550,안성시,33033,서운면,양촌리
4150025032,경기도,41500,이천시,25032,장호원읍,풍계리
4122032028,경기도,41220,평택시,32028,서탄면,장등리
4122032029,경기도,41220,평택시,32029,서탄면,금각리
4122032030,경기도,41220,평택시,32030,서탄면,황구지리
4122033000,경기도,41220,평택시,33000,고덕면,
4122033021,경기도,41220,평택시,33021,고덕면,당현리
4122033022,경기도,41220,평택시,33022,고덕면,두릉리
4122033023,경기도,41220,평택시,33023,고덕면,문곡리
4122033024,경기도,41220,평택시,33024,고덕면,동청리
4155031031,경기도,41550,안성시,31031,보개면,동신리
4155031032,경기도,41550,안성시,31032,보개면,곡천리
4155031033,경기도,41550,안성시,31033,보개면,복평리
4155031034,경기도,41550,안성시,31034,보개면,구사리
4155031035,경기도,41550,안성시,31035,보개면,가율리
4155031036,경기도,41550,안성시,31036,보개면,신안리
4155031037,경기도,41550,안성시,31037,보개면,동평리
4155031038,경기도,41550,안성시,31038,보개면,남풍리
4155031039,경기도,41550,안성시,31039,보개면,북가현리
4155032000,경기도,41550,안성시,32000,금광면,
4155032021,경기도,41550,안성시,32021,금광면,내우리
4155032022,경기도,41550,안성시,32022,금광면,개산리
4155032023,경기도,41550,안성시,32023,금광면,장죽리
4155032024,경기도,41550,안성시,32024,금광면,상중리
4155032025,경기도,41550,안성시,32025,금광면,금광리
4155032026,경기도,41550,안성시,32026,금광면,현곡리
4155032027,경기도,41550,안성시,32027,금광면,삼흥리
4155032028,경기도,41550,안성시,32028,금광면,사흥리
4155032029,경기도,41550,안성시,32029,금광면,오흥리
4155032030,경기도,41550,안성시,32030,금광면,한운리
4157025021,경기도,41570,김포시,25021,통진읍,도사리
4157025022,경기도,41570,김포시,25022,통진읍,마송리
4157025023,경기도,41570,김포시,25023,통진읍,서암리
4157025024,경기도,41570,김포시,25024,통진읍,수참리
4157025025,경기도,41570,김포시,25025,통진읍,가현리
4157025026,경기도,41570,김포시,25026,통진읍,동을산리
4157025027,경기도,41570,김포시,25027,통진읍,귀전리
4157025028,경기도,41570,김포시,25028,통진읍,고정리
4157025029,경기도,41570,김포시,25029,통진읍,옹정리
4155034029,경기도,41550,안성시,34029,미양면,구수리
4155034031,경기도,41550,안성시,34031,미양면,갈전리
4155034032,경기도,41550,안성시,34032,미양면,양지리
4155034034,경기도,41550,안성시,34034,미양면,신기리
4155034035,경기도,41550,안성시,34035,미양면,강덕리
4155034036,경기도,41550,안성시,34036,미양면,후평리
4155034038,경기도,41550,안성시,34038,미양면,양변리
4155035000,경기도,41550,안성시,35000,대덕면,
4155035021,경기도,41550,안성시,35021,대덕면,소현리
4155035023,경기도,41550,안성시,35023,대덕면,모산리
4155035024,경기도,41550,안성시,35024,대덕면,보동리
4155035025,경기도,41550,안성시,35025,대덕면,명당리
4155035027,경기도,41550,안성시,35027,대덕면,건지리
4155035028,경기도,41550,안성시,35028,대덕면,내리
4155035030,경기도,41550,안성시,35030,대덕면,죽리
4155035031,경기도,41550,안성시,35031,대덕면,신령리
4155035032,경기도,41550,안성시,35032,대덕면,무능리
4155035034,경기도,41550,안성시,35034,대덕면,삼한리
4155036000,경기도,41550,안성시,36000,양성면,
4155036021,경기도,41550,안성시,36021,양성면,동항리
4155036023,경기도,41550,안성시,36023,양성면,석화리
4155036024,경기도,41550,안성시,36024,양성면,추곡리
4161034026,경기도,41610,광주시,34026,퇴촌면,오리
4161034027,경기도,41610,광주시,34027,퇴촌면,도마리
4111312800,경기도,41113,수원시권선구,12800,고색동,
4111313000,경기도,41113,수원시권선구,13000,평리동,
4111313100,경기도,41113,수원시권선구,13100,서둔동,
4111313200,경기도,41113,수원시권선구,13200,구운동,
4165033027,경기도,41650,포천시,33027,가산면,우금리
4165033028,경기도,41650,포천시,33028,가산면,마전리
4165034000,경기도,41650,포천시,34000,신북면,
4165034022,경기도,41650,포천시,34022,신북면,기지리
4159041037,경기도,41590,화성시,41037,정남면,금복리
4159041039,경기도,41590,화성시,41039,정남면,용수리
4161000000,경기도,41610,광주시,00000,,
4161010100,경기도,41610,광주시,10100,경안동,
4180000000,경기도,41800,연천군,00000,,
4180025000,경기도,41800,연천군,25000,연천읍,
4180025022,경기도,41800,연천군,25022,연천읍,현가리
4180025023,경기도,41800,연천군,25023,연천읍,상리
4180025024,경기도,41800,연천군,25024,연천읍,와초리
4180025026,경기도,41800,연천군,25026,연천읍,읍내리
4180025027,경기도,41800,연천군,25027,연천읍,동막리
4180025028,경기도,41800,연천군,25028,연천읍,통현리
4165035021,경기도,41650,포천시,35021,창수면,추동리
4165035022,경기도,41650,포천시,35022,창수면,주원리
4165035024,경기도,41650,포천시,35024,창수면,오가리
4165035025,경기도,41650,포천시,35025,창수면,고소성리
4165035026,경기도,41650,포천시,35026,창수면,운산리
4165036000,경기도,41650,포천시,36000,영중면,
4165036021,경기도,41650,포천시,36021,영중면,양문리
4127110100,경기도,41271,안산시상록구,10100,일동,
4127110200,경기도,41271,안산시상록구,10200,이동,
4127110300,경기도,41271,안산시상록구,10300,사동,
4127110400,경기도,41271,안산시상록구,10400,본오동,
4122025028,경기도,41220,평택시,25028,팽성읍,신호리
4122025029,경기도,41220,평택시,25029,팽성읍,근내리
4122025030,경기도,41220,평택시,25030,팽성읍,석봉리
4122025031,경기도,41220,평택시,25031,팽성읍,원정리
4122025032,경기도,41220,평택시,25032,팽성읍,도두리
4122025033,경기도,41220,평택시,25033,팽성읍,함정리
4122025034,경기도,41220,평택시,25034,팽성읍,신대리
4122025035,경기도,41220,평택시,25035,팽성읍,본정리
4122025036,경기도,41220,평택시,25036,팽성읍,노양리
4122025037,경기도,41220,평택시,25037,팽성읍,노성리
4122025038,경기도,41220,평택시,25038,팽성읍,두정리
4122025039,경기도,41220,평택시,25039,팽성읍,석근리
4122025040,경기도,41220,평택시,25040,팽성읍,대사리
4122025041,경기도,41220,평택시,25041,팽성읍,안정리
4122025042,경기도,41220,평택시,25042,팽성읍,동창리
4122025043,경기도,41220,평택시,25043,팽성읍,내리
4122025044,경기도,41220,평택시,25044,팽성읍,대추리
4122025045,경기도,41220,평택시,25045,팽성읍,송화리
4122025300,경기도,41220,평택시,25300,안중읍,
4122025321,경기도,41220,평택시,25321,안중읍,안중리
4122025322,경기도,41220,평택시,25322,안중읍,학현리
4122025323,경기도,41220,평택시,25323,안중읍,금곡리
4122025324,경기도,41220,평택시,25324,안중읍,대반리
4122025325,경기도,41220,평택시,25325,안중읍,삼정리
4122025326,경기도,41220,평택시,25326,안중읍,용성리
4122025327,경기도,41220,평택시,25327,안중읍,덕우리
4122025328,경기도,41220,평택시,25328,안중읍,성해리
4128110200,경기도,41281,고양시덕양구,10200,원당동,
4128110300,경기도,41281,고양시덕양구,10300,신원동,
4128110400,경기도,41281,고양시덕양구,10400,원흥동,
4128110500,경기도,41281,고양시덕양구,10500,도내동,
4128110600,경기도,41281,고양시덕양구,10600,성사동,
4128110700,경기도,41281,고양시덕양구,10700,북한동,
4128110800,경기도,41281,고양시덕양구,10800,효자동,
4128110900,경기도,41281,고양시덕양구,10900,지축동,
4128111000,경기도,41281,고양시덕양구,11000,오금동,
4122025330,경기도,41220,평택시,25330,안중읍,현화리
4122031000,경기도,41220,평택시,31000,진위면,
4136025624,경기도,41360,남양주시,25624,화도읍,구암리
4165040026,경기도,41650,포천시,40026,관인면,사정리
4165041000,경기도,41650,포천시,41000,화현면,
4165041021,경기도,41650,포천시,41021,화현면,화현리
4165041023,경기도,41650,포천시,41023,화현면,지현리
4180035023,경기도,41800,연천군,35023,왕징면,북삼리
4180035024,경기도,41800,연천군,35024,왕징면,강내리
4180035026,경기도,41800,연천군,35026,왕징면,동중리
4180035027,경기도,41800,연천군,35027,왕징면,고왕리
4180035029,경기도,41800,연천군,35029,왕징면,고잔하리
4180035030,경기도,41800,연천군,35030,왕징면,기곡리
4180035031,경기도,41800,연천군,35031,왕징면,작동리
4180035033,경기도,41800,연천군,35033,왕징면,오탄리
4180035034,경기도,41800,연천군,35034,왕징면,귀존리
4180035035,경기도,41800,연천군,35035,왕징면,고장리
4180035037,경기도,41800,연천군,35037,왕징면,가천리
4180035038,경기도,41800,연천군,35038,왕징면,냉정리
4180036000,경기도,41800,연천군,36000,신서면,
4148026221,경기도,41480,파주시,26221,조리읍,봉일천리
4148026222,경기도,41480,파주시,26222,조리읍,뇌조리
4148026224,경기도,41480,파주시,26224,조리읍,장곡리
4148026225,경기도,41480,파주시,26225,조리읍,오산리
4148026226,경기도,41480,파주시,26226,조리읍,능안리
4148031000,경기도,41480,파주시,31000,월롱면,
4148031021,경기도,41480,파주시,31021,월롱면,위전리
4148031023,경기도,41480,파주시,31023,월롱면,덕은리
4148031024,경기도,41480,파주시,31024,월롱면,능산리
4148031025,경기도,41480,파주시,31025,월롱면,영태리
4148032021,경기도,41480,파주시,32021,탄현면,성동리
4148032022,경기도,41480,파주시,32022,탄현면,법흥리
4148032024,경기도,41480,파주시,32024,탄현면,문지리
4148032025,경기도,41480,파주시,32025,탄현면,대동리
4148032026,경기도,41480,파주시,32026,탄현면,만우리
4148032028,경기도,41480,파주시,32028,탄현면,금승리
4150033000,경기도,41500,이천시,33000,호법면,
4148032029,경기도,41480,파주시,32029,탄현면,오금리
4148032031,경기도,41480,파주시,32031,탄현면,금산리
4148035000,경기도,41480,파주시,35000,광탄면,
4148035022,경기도,41480,파주시,35022,광탄면,방축리
4148035023,경기도,41480,파주시,35023,광탄면,마장리
4148035024,경기도,41480,파주시,35024,광탄면,발랑리
4148035026,경기도,41480,파주시,35026,광탄면,용미리
4148035027,경기도,41480,파주시,35027,광탄면,신산리
4148035028,경기도,41480,파주시,35028,광탄면,기산리
4148036000,경기도,41480,파주시,36000,파평면,
4148036021,경기도,41480,파주시,36021,파평면,덕천리
4148036022,경기도,41480,파주시,36022,파평면,두포리
4148036023,경기도,41480,파주시,36023,파평면,마산리
4155025030,경기도,41550,안성시,25030,공도읍,마정리
4155025031,경기도,41550,안성시,25031,공도읍,진사리
4155031000,경기도,41550,안성시,31000,보개면,
4155031021,경기도,41550,안성시,31021,보개면,적가리
4155031022,경기도,41550,안성시,31022,보개면,기좌리
4155031023,경기도,41550,안성시,31023,보개면,북좌리
4155031024,경기도,41550,안성시,31024,보개면,상삼리
4155031025,경기도,41550,안성시,31025,보개면,신장리
4155031026,경기도,41550,안성시,31026,보개면,양복리
4155031027,경기도,41550,안성시,31027,보개면,오두리
4136034000,경기도,41360,남양주시,34000,수동면,
4136034021,경기도,41360,남양주시,34021,수동면,운수리
4136034022,경기도,41360,남양주시,34022,수동면,지둔리
4136034023,경기도,41360,남양주시,34023,수동면,수산리
4136034024,경기도,41360,남양주시,34024,수동면,내방리
4136034025,경기도,41360,남양주시,34025,수동면,외방리
4136034026,경기도,41360,남양주시,34026,수동면,입석리
4136034027,경기도,41360,남양주시,34027,수동면,송천리
4136036000,경기도,41360,남양주시,36000,조안면,
4136036021,경기도,41360,남양주시,36021,조안면,능내리
4136036022,경기도,41360,남양주시,36022,조안면,조안리
4136036023,경기도,41360,남양주시,36023,조안면,진중리
4136036024,경기도,41360,남양주시,36024,조안면,송촌리
4136036025,경기도,41360,남양주시,36025,조안면,삼봉리
4136036026,경기도,41360,남양주시,36026,조안면,시우리
4137000000,경기도,41370,오산시,00000,,
4137010100,경기도,41370,오산시,10100,오산동,
4137010200,경기도,41370,오산시,10200,부산동,
4137010300,경기도,41370,오산시,10300,원동,
4137010400,경기도,41370,오산시,10400,궐동,
4137010500,경기도,41370,오산시,10500,청학동,
4137010600,경기도,41370,오산시,10600,가장동,
4137010700,경기도,41370,오산시,10700,금암동,
4137010800,경기도,41370,오산시,10800,수청동,
4137010900,경기도,41370,오산시,10900,은계동,
4137011000,경기도,41370,오산시,11000,내삼미동,
4137011100,경기도,41370,오산시,11100,외삼미동,
4137011200,경기도,41370,오산시,11200,양산동,
4137011300,경기도,41370,오산시,11300,세교동,
4137011500,경기도,41370,오산시,11500,서랑동,
4137011600,경기도,41370,오산시,11600,서동,
4137011800,경기도,41370,오산시,11800,두곡동,
4137011900,경기도,41370,오산시,11900,탑동,
4137012100,경기도,41370,오산시,12100,가수동,
4137012200,경기도,41370,오산시,12200,고현동,
4137012300,경기도,41370,오산시,12300,청호동,
4139000000,경기도,41390,시흥시,00000,,
4139010100,경기도,41390,시흥시,10100,대야동,
4129010800,경기도,41290,과천시,10800,원문동,
4129010900,경기도,41290,과천시,10900,별양동,
4131000000,경기도,41310,구리시,00000,,
4131010100,경기도,41310,구리시,10100,갈매동,
4131010300,경기도,41310,구리시,10300,인창동,
4131010400,경기도,41310,구리시,10400,교문동,
4139010200,경기도,41390,시흥시,10200,신천동,
4139010400,경기도,41390,시흥시,10400,포동,
4139010500,경기도,41390,시흥시,10500,미산동,
4127310400,경기도,41273,안산시단원구,10400,성곡동,
4127310500,경기도,41273,안산시단원구,10500,원시동,
4127310600,경기도,41273,안산시단원구,10600,목내동,
4127310800,경기도,41273,안산시단원구,10800,원곡동,
4127310900,경기도,41273,안산시단원구,10900,선부동,
4180034028,경기도,41800,연천군,34028,미산면,삼화리
4180035000,경기도,41800,연천군,35000,왕징면,
4180035021,경기도,41800,연천군,35021,왕징면,무등리
4155041029,경기도,41550,안성시,41029,삼죽면,마전리
4155041030,경기도,41550,안성시,41030,삼죽면,기솔리
4155042000,경기도,41550,안성시,42000,고삼면,
4141010600,경기도,41410,군포시,10600,둔대동,
4141010700,경기도,41410,군포시,10700,속달동,
4141010900,경기도,41410,군포시,10900,도마교동,
4143000000,경기도,41430,의왕시,00000,,
4143010100,경기도,41430,의왕시,10100,고천동,
4143010300,경기도,41430,의왕시,10300,삼동,
4143010400,경기도,41430,의왕시,10400,왕곡동,
4143010600,경기도,41430,의왕시,10600,학의동,
4143010700,경기도,41430,의왕시,10700,내손동,
4143010900,경기도,41430,의왕시,10900,포일동,
4143011000,경기도,41430,의왕시,11000,월암동,
4145000000,경기도,41450,하남시,00000,,
4145010100,경기도,41450,하남시,10100,천현동,
4145010200,경기도,41450,하남시,10200,하산곡동,
4145010400,경기도,41450,하남시,10400,배알미동,
4145010500,경기도,41450,하남시,10500,상산곡동,
4148037028,경기도,41480,파주시,37028,적성면,율포리
4148037029,경기도,41480,파주시,37029,적성면,답곡리
4148037030,경기도,41480,파주시,37030,적성면,식현리
4148037032,경기도,41480,파주시,37032,적성면,설마리
4148037033,경기도,41480,파주시,37033,적성면,적암리
4148037035,경기도,41480,파주시,37035,적성면,마지리
4148037036,경기도,41480,파주시,37036,적성면,자장리
4148038000,경기도,41480,파주시,38000,군내면,
4148038021,경기도,41480,파주시,38021,군내면,백연리
4148038022,경기도,41480,파주시,38022,군내면,정자리
4148038023,경기도,41480,파주시,38023,군내면,조산리
4148038024,경기도,41480,파주시,38024,군내면,읍내리
4183032025,경기도,41830,양평군,32025,강하면,성덕리
4183032026,경기도,41830,양평군,32026,강하면,전수리
4183033000,경기도,41830,양평군,33000,양서면,
4183033021,경기도,41830,양평군,33021,양서면,양수리
4183033022,경기도,41830,양평군,33022,양서면,용담리
4183033023,경기도,41830,양평군,33023,양서면,부용리
4183033024,경기도,41830,양평군,33024,양서면,목왕리
4183033025,경기도,41830,양평군,33025,양서면,신원리
4183033026,경기도,41830,양평군,33026,양서면,도곡리
4183033027,경기도,41830,양평군,33027,양서면,대심리
4183033028,경기도,41830,양평군,33028,양서면,국수리
4183033029,경기도,41830,양평군,33029,양서면,복포리
4183033030,경기도,41830,양평군,33030,양서면,청계리
4183033031,경기도,41830,양평군,33031,양서면,증동리
4183034000,경기도,41830,양평군,34000,옥천면,
4183034021,경기도,41830,양평군,34021,옥천면,옥천리
4183034022,경기도,41830,양평군,34022,옥천면,용천리
4183034023,경기도,41830,양평군,34023,옥천면,신복리
4183034024,경기도,41830,양평군,34024,옥천면,아신리
4183035000,경기도,41830,양평군,35000,서종면,
4183035021,경기도,41830,양평군,35021,서종면,문호리
4183035022,경기도,41830,양평군,35022,서종면,도장리
4183035023,경기도,41830,양평군,35023,서종면,수능리
4183035024,경기도,41830,양평군,35024,서종면,서후리
4182025026,경기도,41820,가평군,25026,가평읍,두밀리
4182025027,경기도,41820,가평군,25027,가평읍,경반리
4182025028,경기도,41820,가평군,25028,가평읍,승안리
4182025029,경기도,41820,가평군,25029,가평읍,마장리
4182025030,경기도,41820,가평군,25030,가평읍,개곡리
4182025031,경기도,41820,가평군,25031,가평읍,이화리
4182025032,경기도,41820,가평군,25032,가평읍,산유리
4182025033,경기도,41820,가평군,25033,가평읍,복장리
4182025034,경기도,41820,가평군,25034,가평읍,금대리
4182031000,경기도,41820,가평군,31000,설악면,
4182031021,경기도,41820,가평군,31021,설악면,신천리
4182031023,경기도,41820,가평군,31023,설악면,회곡리
4182031024,경기도,41820,가평군,31024,설악면,사룡리
4182031025,경기도,41820,가평군,31025,설악면,송산리
4182031027,경기도,41820,가평군,31027,설악면,위곡리
4180025326,경기도,41800,연천군,25326,전곡읍,양원리
4180025327,경기도,41800,연천군,25327,전곡읍,간파리
4180031000,경기도,41800,연천군,31000,군남면,
4180031021,경기도,41800,연천군,31021,군남면,진상리
4180031022,경기도,41800,연천군,31022,군남면,옥계리
4180031024,경기도,41800,연천군,31024,군남면,왕림리
4180031025,경기도,41800,연천군,31025,군남면,선곡리
4148025627,경기도,41480,파주시,25627,법원읍,갈곡리
4148025628,경기도,41480,파주시,25628,법원읍,직천리
4148025629,경기도,41480,파주시,25629,법원읍,웅담리
4139012500,경기도,41390,시흥시,12500,논곡동,
4139012600,경기도,41390,시흥시,12600,목감동,
4139012700,경기도,41390,시흥시,12700,거모동,
4139012900,경기도,41390,시흥시,12900,장현동,
4139013000,경기도,41390,시흥시,13000,장곡동,
4139013200,경기도,41390,시흥시,13200,정왕동,
4139013300,경기도,41390,시흥시,13300,죽율동,
4141000000,경기도,41410,군포시,00000,,
4141010100,경기도,41410,군포시,10100,당동,
4141010200,경기도,41410,군포시,10200,당정동,
4141010400,경기도,41410,군포시,10400,산본동,
4182032500,경기도,41820,가평군,32500,청평면,
4182032522,경기도,41820,가평군,32522,청평면,상천리
4182032523,경기도,41820,가평군,32523,청평면,하천리
4182032524,경기도,41820,가평군,32524,청평면,대성리
4182032526,경기도,41820,가평군,32526,청평면,고성리
4182032527,경기도,41820,가평군,32527,청평면,삼회리
4182033021,경기도,41820,가평군,33021,상면,연하리
4182033022,경기도,41820,가평군,33022,상면,항사리
4182033023,경기도,41820,가평군,33023,상면,행현리
4182033025,경기도,41820,가평군,33025,상면,덕현리
4182033026,경기도,41820,가평군,33026,상면,태봉리
4182033028,경기도,41820,가평군,33028,상면,율길리
4182033029,경기도,41820,가평군,33029,상면,봉수리
4182035000,경기도,41820,가평군,35000,북면,
4182035022,경기도,41820,가평군,35022,북면,소법리
4182035023,경기도,41820,가평군,35023,북면,화악리
4148036024,경기도,41480,파주시,36024,파평면,율곡리
4148036026,경기도,41480,파주시,36026,파평면,금파리
4150036031,경기도,41500,이천시,36031,모가면,두미리
4150037021,경기도,41500,이천시,37021,설성면,금당리
4150037022,경기도,41500,이천시,37022,설성면,장능리
4150037024,경기도,41500,이천시,37024,설성면,제요리
4150011500,경기도,41500,이천시,11500,장록동,
4150025000,경기도,41500,이천시,25000,장호원읍,
4150025022,경기도,41500,이천시,25022,장호원읍,오남리
4150025023,경기도,41500,이천시,25023,장호원읍,진암리
4150025024,경기도,41500,이천시,25024,장호원읍,어석리
4150025025,경기도,41500,이천시,25025,장호원읍,대서리
4150025026,경기도,41500,이천시,25026,장호원읍,송산리
4150025027,경기도,41500,이천시,25027,장호원읍,방추리
4150025028,경기도,41500,이천시,25028,장호원읍,선읍리
4150025029,경기도,41500,이천시,25029,장호원읍,이황리
4150025030,경기도,41500,이천시,25030,장호원읍,나래리
4150025031,경기도,41500,이천시,25031,장호원읍,와현리
4150037025,경기도,41500,이천시,37025,설성면,신필리
4148025326,경기도,41480,파주시,25326,파주읍,파주리
4148025327,경기도,41480,파주시,25327,파주읍,연풍리
4148025600,경기도,41480,파주시,25600,법원읍,
4148025621,경기도,41480,파주시,25621,법원읍,오현리
4148025622,경기도,41480,파주시,25622,법원읍,법원리
4148025623,경기도,41480,파주시,25623,법원읍,가야리
4148025624,경기도,41480,파주시,25624,법원읍,동문리
4148025625,경기도,41480,파주시,25625,법원읍,대능리
4167034500,경기도,41670,여주시,34500,세종대왕면,
4167034521,경기도,41670,여주시,34521,세종대왕면,번도리
4167034522,경기도,41670,여주시,34522,세종대왕면,구양리
4167034523,경기도,41670,여주시,34523,세종대왕면,왕대리
4167034524,경기도,41670,여주시,34524,세종대왕면,백석리
4167034525,경기도,41670,여주시,34525,세종대왕면,내양리
4167034526,경기도,41670,여주시,34526,세종대왕면,용은리
4167034527,경기도,41670,여주시,34527,세종대왕면,매화리
4167034528,경기도,41670,여주시,34528,세종대왕면,양거리
4167034529,경기도,41670,여주시,34529,세종대왕면,마래리
4167034530,경기도,41670,여주시,34530,세종대왕면,광대리
4167034531,경기도,41670,여주시,34531,세종대왕면,오계리
4167034532,경기도,41670,여주시,34532,세종대왕면,매류리
4167034533,경기도,41670,여주시,34533,세종대왕면,신지리
4136025022,경기도,41360,남양주시,25022,와부읍,도곡리
4136025023,경기도,41360,남양주시,25023,와부읍,팔당리
4136025024,경기도,41360,남양주시,25024,와부읍,월문리
4136025025,경기도,41360,남양주시,25025,와부읍,율석리
4136025300,경기도,41360,남양주시,25300,진접읍,
4136025321,경기도,41360,남양주시,25321,진접읍,장현리
4136025322,경기도,41360,남양주시,25322,진접읍,내각리
4136025323,경기도,41360,남양주시,25323,진접읍,내곡리
4136025325,경기도,41360,남양주시,25325,진접읍,부평리
4180033026,경기도,41800,연천군,33026,백학면,학곡리
4180033027,경기도,41800,연천군,33027,백학면,구미리
4180033029,경기도,41800,연천군,33029,백학면,갈현리
4180033030,경기도,41800,연천군,33030,백학면,포춘리
4180033031,경기도,41800,연천군,33031,백학면,항동리
4180033034,경기도,41800,연천군,33034,백학면,상리
4180033035,경기도,41800,연천군,33035,백학면,중리
4180033036,경기도,41800,연천군,33036,백학면,하리
4180033038,경기도,41800,연천군,33038,백학면,사시리
4180033039,경기도,41800,연천군,33039,백학면,매현리
4182035025,경기도,41820,가평군,35025,북면,적목리
4183041026,경기도,41830,양평군,41026,개군면,불곡리
4183041027,경기도,41830,양평군,41027,개군면,부리
4183041029,경기도,41830,양평군,41029,개군면,내리
4183041030,경기도,41830,양평군,41030,개군면,향리
4183041031,경기도,41830,양평군,41031,개군면,주읍리
4183041033,경기도,41830,양평군,41033,개군면,상자포리
4182035026,경기도,41820,가평군,35026,북면,백둔리
4182035028,경기도,41820,가평군,35028,북면,이곡리
4183000000,경기도,41830,양평군,00000,,
4183025000,경기도,41830,양평군,25000,양평읍,
4183025022,경기도,41830,양평군,25022,양평읍,오빈리
4183025023,경기도,41830,양평군,25023,양평읍,신애리
4136025326,경기도,41360,남양주시,25326,진접읍,팔야리
4136025328,경기도,41360,남양주시,25328,진접읍,금곡리
4136025600,경기도,41360,남양주시,25600,화도읍,
4136025621,경기도,41360,남양주시,25621,화도읍,마석우리
4145010700,경기도,41450,하남시,10700,당정동,
4145010800,경기도,41450,하남시,10800,덕풍동,
4145011000,경기도,41450,하남시,11000,풍산동,
4145011100,경기도,41450,하남시,11100,미사동,
4145011300,경기도,41450,하남시,11300,감북동,
4145011400,경기도,41450,하남시,11400,감일동,
4145011600,경기도,41450,하남시,11600,학암동,
4145011700,경기도,41450,하남시,11700,교산동,
4145011800,경기도,41450,하남시,11800,춘궁동,
4148010100,경기도,41480,파주시,10100,금촌동,
4148010400,경기도,41480,파주시,10400,야동동,
4148010500,경기도,41480,파주시,10500,검산동,
4148010600,경기도,41480,파주시,10600,맥금동,
4148025021,경기도,41480,파주시,25021,문산읍,문산리
4148025022,경기도,41480,파주시,25022,문산읍,당동리
4148025024,경기도,41480,파주시,25024,문산읍,임진리
4148025025,경기도,41480,파주시,25025,문산읍,운천리
4148025026,경기도,41480,파주시,25026,문산읍,사목리
4148025028,경기도,41480,파주시,25028,문산읍,장산리
4148025029,경기도,41480,파주시,25029,문산읍,내포리
4150025300,경기도,41500,이천시,25300,부발읍,
4150025321,경기도,41500,이천시,25321,부발읍,무촌리
4150025322,경기도,41500,이천시,25322,부발읍,죽당리
4150025323,경기도,41500,이천시,25323,부발읍,신원리
4150025324,경기도,41500,이천시,25324,부발읍,고백리
4150025325,경기도,41500,이천시,25325,부발읍,대관리
4150025326,경기도,41500,이천시,25326,부발읍,마암리
4150025327,경기도,41500,이천시,25327,부발읍,산촌리
4150025328,경기도,41500,이천시,25328,부발읍,신하리
4150025329,경기도,41500,이천시,25329,부발읍,가좌리
4150025330,경기도,41500,이천시,25330,부발읍,아미리
4150025331,경기도,41500,이천시,25331,부발읍,수정리
4148025030,경기도,41480,파주시,25030,문산읍,이천리
4150025332,경기도,41500,이천시,25332,부발읍,송온리
4150025333,경기도,41500,이천시,25333,부발읍,가산리
4150025334,경기도,41500,이천시,25334,부발읍,응암리
4150031000,경기도,41500,이천시,31000,신둔면,
4150031021,경기도,41500,이천시,31021,신둔면,수광리
4150031022,경기도,41500,이천시,31022,신둔면,남정리
4150031023,경기도,41500,이천시,31023,신둔면,지석리
4150031024,경기도,41500,이천시,31024,신둔면,장동리
4150031025,경기도,41500,이천시,31025,신둔면,도봉리
4150031026,경기도,41500,이천시,31026,신둔면,도암리
4150031027,경기도,41500,이천시,31027,신둔면,수하리
4150031028,경기도,41500,이천시,31028,신둔면,수남리
4150031029,경기도,41500,이천시,31029,신둔면,고척리
4150031030,경기도,41500,이천시,31030,신둔면,용면리
4150031031,경기도,41500,이천시,31031,신둔면,인후리
4150031032,경기도,41500,이천시,31032,신둔면,마교리
4150031033,경기도,41500,이천시,31033,신둔면,소정리
4150032000,경기도,41500,이천시,32000,백사면,
4150032021,경기도,41500,이천시,32021,백사면,현방리
4150032022,경기도,41500,이천시,32022,백사면,경사리
4150032023,경기도,41500,이천시,32023,백사면,도립리
4150032024,경기도,41500,이천시,32024,백사면,송말리
4150032025,경기도,41500,이천시,32025,백사면,신대리
4150032026,경기도,41500,이천시,32026,백사면,모전리
4150032027,경기도,41500,이천시,32027,백사면,도지리
4150032028,경기도,41500,이천시,32028,백사면,조읍리
4150032029,경기도,41500,이천시,32029,백사면,우곡리
4150032030,경기도,41500,이천시,32030,백사면,내촌리
4150032031,경기도,41500,이천시,32031,백사면,상용리
4155013300,경기도,41550,안성시,13300,중리동,
4155025000,경기도,41550,안성시,25000,공도읍,
4155025021,경기도,41550,안성시,25021,공도읍,양기리
4155025023,경기도,41550,안성시,25023,공도읍,신두리
4155025024,경기도,41550,안성시,25024,공도읍,중복리
4155025026,경기도,41550,안성시,25026,공도읍,승두리
4155025027,경기도,41550,안성시,25027,공도읍,건천리
4155025028,경기도,41550,안성시,25028,공도읍,불당리
4155038026,경기도,41550,안성시,38026,원곡면,외가천리
4155038027,경기도,41550,안성시,38027,원곡면,반제리
4155038028,경기도,41550,안성시,38028,원곡면,성주리
4155039021,경기도,41550,안성시,39021,일죽면,월정리
4155039022,경기도,41550,안성시,39022,일죽면,주천리
4155039024,경기도,41550,안성시,39024,일죽면,가리
4155039025,경기도,41550,안성시,39025,일죽면,산북리
4155039026,경기도,41550,안성시,39026,일죽면,당촌리
4155039028,경기도,41550,안성시,39028,일죽면,송천리
4155039029,경기도,41550,안성시,39029,일죽면,고은리
4155039031,경기도,41550,안성시,39031,일죽면,능국리
4155039032,경기도,41550,안성시,39032,일죽면,신흥리
4155039033,경기도,41550,안성시,39033,일죽면,금산리
4155039035,경기도,41550,안성시,39035,일죽면,화봉리
4155040000,경기도,41550,안성시,40000,죽산면,
4155040021,경기도,41550,안성시,40021,죽산면,죽산리
4155040023,경기도,41550,안성시,40023,죽산면,장원리
4155040024,경기도,41550,안성시,40024,죽산면,두현리
4155040025,경기도,41550,안성시,40025,죽산면,장능리
4155040027,경기도,41550,안성시,40027,죽산면,용설리
4155040028,경기도,41550,안성시,40028,죽산면,칠장리
4155040030,경기도,41550,안성시,40030,죽산면,두교리
4155041000,경기도,41550,안성시,41000,삼죽면,
4155041021,경기도,41550,안성시,41021,삼죽면,내장리
4155041023,경기도,41550,안성시,41023,삼죽면,용월리
4155041024,경기도,41550,안성시,41024,삼죽면,덕산리
4155041025,경기도,41550,안성시,41025,삼죽면,배태리
4155041027,경기도,41550,안성시,41027,삼죽면,진촌리
4155041028,경기도,41550,안성시,41028,삼죽면,미장리
4183025029,경기도,41830,양평군,25029,양평읍,봉성리
4183025030,경기도,41830,양평군,25030,양평읍,원덕리
4183025031,경기도,41830,양평군,25031,양평읍,회현리
4183031000,경기도,41830,양평군,31000,강상면,
4183031021,경기도,41830,양평군,31021,강상면,병산리
4183031022,경기도,41830,양평군,31022,강상면,송학리
4183031024,경기도,41830,양평군,31024,강상면,신화리
4157010800,경기도,41570,김포시,10800,마산동,
4157010900,경기도,41570,김포시,10900,구래동,
4157025321,경기도,41570,김포시,25321,고촌읍,향산리
4157025322,경기도,41570,김포시,25322,고촌읍,풍곡리
4157025323,경기도,41570,김포시,25323,고촌읍,태리
4157025324,경기도,41570,김포시,25324,고촌읍,신곡리
4157025325,경기도,41570,김포시,25325,고촌읍,전호리
4180031026,경기도,41800,연천군,31026,군남면,황지리
4180031027,경기도,41800,연천군,31027,군남면,남계리
4180032000,경기도,41800,연천군,32000,청산면,
4180032021,경기도,41800,연천군,32021,청산면,초성리
4180032022,경기도,41800,연천군,32022,청산면,대전리
4180032023,경기도,41800,연천군,32023,청산면,장탄리
4180032024,경기도,41800,연천군,32024,청산면,궁평리
4180032025,경기도,41800,연천군,32025,청산면,백의리
4180033000,경기도,41800,연천군,33000,백학면,
4180033021,경기도,41800,연천군,33021,백학면,두일리
4180033022,경기도,41800,연천군,33022,백학면,백령리
4180033023,경기도,41800,연천군,33023,백학면,통구리
4180033024,경기도,41800,연천군,33024,백학면,전동리
4180033025,경기도,41800,연천군,33025,백학면,노곡리
4136025626,경기도,41360,남양주시,25626,화도읍,답내리
4136025627,경기도,41360,남양주시,25627,화도읍,월산리
4136025628,경기도,41360,남양주시,25628,화도읍,창현리
4136025629,경기도,41360,남양주시,25629,화도읍,녹촌리
4136025630,경기도,41360,남양주시,25630,화도읍,차산리
4136025900,경기도,41360,남양주시,25900,진건읍,
4136025921,경기도,41360,남양주시,25921,진건읍,사능리
4136025922,경기도,41360,남양주시,25922,진건읍,배양리
4136025923,경기도,41360,남양주시,25923,진건읍,진관리
4136025924,경기도,41360,남양주시,25924,진건읍,신월리
4136025925,경기도,41360,남양주시,25925,진건읍,용정리
4136025926,경기도,41360,남양주시,25926,진건읍,송능리
4136026200,경기도,41360,남양주시,26200,오남읍,
4136026221,경기도,41360,남양주시,26221,오남읍,양지리
4136026222,경기도,41360,남양주시,26222,오남읍,팔현리
4136026223,경기도,41360,남양주시,26223,오남읍,오남리
4136031000,경기도,41360,남양주시,31000,별내면,
4136031021,경기도,41360,남양주시,31021,별내면,청학리
4136031022,경기도,41360,남양주시,31022,별내면,용암리
4136031023,경기도,41360,남양주시,31023,별내면,광전리
4122025900,경기도,41220,평택시,25900,청북읍,
4122025921,경기도,41220,평택시,25921,청북읍,현곡리
4122025923,경기도,41220,평택시,25923,청북읍,고잔리
4122025924,경기도,41220,평택시,25924,청북읍,옥길리
4122025925,경기도,41220,평택시,25925,청북읍,후사리
4122025927,경기도,41220,평택시,25927,청북읍,백봉리
4122025928,경기도,41220,평택시,25928,청북읍,어연리
4122025929,경기도,41220,평택시,25929,청북읍,율북리
4122025931,경기도,41220,평택시,25931,청북읍,어소리
4122025932,경기도,41220,평택시,25932,청북읍,고렴리
4148010800,경기도,41480,파주시,10800,야당동,
4148010900,경기도,41480,파주시,10900,다율동,
4148011000,경기도,41480,파주시,11000,오도동,
4148011200,경기도,41480,파주시,11200,산남동,
4148011300,경기도,41480,파주시,11300,동패동,
4148011500,경기도,41480,파주시,11500,문발동,
4148011600,경기도,41480,파주시,11600,송촌동,
4148011800,경기도,41480,파주시,11800,하지석동,
4148011900,경기도,41480,파주시,11900,서패동,
4148012000,경기도,41480,파주시,12000,신촌동,
4148012200,경기도,41480,파주시,12200,와동동,
4100000000,경기도,41000,경기도,00000,,
4161011400,경기도,41610,광주시,11400,고산동,
4161011700,경기도,41610,광주시,11700,문형동,
4161011900,경기도,41610,광주시,11900,매산동,
4161012000,경기도,41610,광주시,12000,양벌동,
4161011500,경기도,41610,광주시,11500,신현동,
4119010200,경기도,41190,부천시,10200,심곡동,
4119010100,경기도,41190,부천시,10100,원미동,
4119010700,경기도,41190,부천시,10700,역곡동,
4119010300,경기도,41190,부천시,10300,춘의동,
4119010800,경기도,41190,부천시,10800,중동,
4119010900,경기도,41190,부천시,10900,상동,
4119010500,경기도,41190,부천시,10500,약대동,
4119011400,경기도,41190,부천시,11400,송내동,
4119011000,경기도,41190,부천시,11000,소사본동,
4119011200,경기도,41190,부천시,11200,범박동,
4119011500,경기도,41190,부천시,11500,옥길동,
4119011800,경기도,41190,부천시,11800,여월동,
4119011900,경기도,41190,부천시,11900,작동,
4119012000,경기도,41190,부천시,12000,원종동,
4119011700,경기도,41190,부천시,11700,오정동,
4119012200,경기도,41190,부천시,12200,대장동,
4119012400,경기도,41190,부천시,12400,내동,
4167000000,경기도,41670,여주시,00000,,
4167010200,경기도,41670,여주시,10200,홍문동,
4167010300,경기도,41670,여주시,10300,창동,
4167010500,경기도,41670,여주시,10500,단현동,
4167010600,경기도,41670,여주시,10600,신진동,
4167010700,경기도,41670,여주시,10700,하동,
4167010900,경기도,41670,여주시,10900,월송동,
4167011000,경기도,41670,여주시,11000,가업동,
4167011200,경기도,41670,여주시,11200,상거동,
4167011300,경기도,41670,여주시,11300,하거동,
4167011500,경기도,41670,여주시,11500,점봉동,
4167011600,경기도,41670,여주시,11600,능현동,
4167011700,경기도,41670,여주시,11700,멱곡동,
4167011800,경기도,41670,여주시,11800,연양동,
4167011900,경기도,41670,여주시,11900,매룡동,
4167012000,경기도,41670,여주시,12000,천송동,
4167012100,경기도,41670,여주시,12100,오학동,
4167012200,경기도,41670,여주시,12200,현암동,
4167012300,경기도,41670,여주시,12300,오금동,
4167025000,경기도,41670,여주시,25000,가남읍,
4167025021,경기도,41670,여주시,25021,가남읍,태평리
4167025022,경기도,41670,여주시,25022,가남읍,상활리
4167025023,경기도,41670,여주시,25023,가남읍,신해리
4167025024,경기도,41670,여주시,25024,가남읍,대신리
4167025025,경기도,41670,여주시,25025,가남읍,은봉리
4167025026,경기도,41670,여주시,25026,가남읍,건장리
4167025027,경기도,41670,여주시,25027,가남읍,심석리
4167025028,경기도,41670,여주시,25028,가남읍,삼군리
4167025029,경기도,41670,여주시,25029,가남읍,오산리
4167025030,경기도,41670,여주시,25030,가남읍,정단리
4167025031,경기도,41670,여주시,25031,가남읍,화평리
4167025032,경기도,41670,여주시,25032,가남읍,본두리
4167025033,경기도,41670,여주시,25033,가남읍,하귀리
4167025034,경기도,41670,여주시,25034,가남읍,안금리
4167025035,경기도,41670,여주시,25035,가남읍,양귀리
4167025036,경기도,41670,여주시,25036,가남읍,연대리
4167025037,경기도,41670,여주시,25037,가남읍,금당리
4167025038,경기도,41670,여주시,25038,가남읍,금곡리
4167025039,경기도,41670,여주시,25039,가남읍,송림리
4167025040,경기도,41670,여주시,25040,가남읍,삼승리
4167031000,경기도,41670,여주시,31000,점동면,
4167031021,경기도,41670,여주시,31021,점동면,청안리
4167031022,경기도,41670,여주시,31022,점동면,부구리
4167031023,경기도,41670,여주시,31023,점동면,덕평리
4167031024,경기도,41670,여주시,31024,점동면,원부리
4167031025,경기도,41670,여주시,31025,점동면,관한리
4167031026,경기도,41670,여주시,31026,점동면,뇌곡리
4167031027,경기도,41670,여주시,31027,점동면,성신리
4167031028,경기도,41670,여주시,31028,점동면,당진리
4167031029,경기도,41670,여주시,31029,점동면,현수리
4167031030,경기도,41670,여주시,31030,점동면,사곡리
4167031032,경기도,41670,여주시,31032,점동면,삼합리
4167031033,경기도,41670,여주시,31033,점동면,도리
4167032000,경기도,41670,여주시,32000,흥천면,
4167032021,경기도,41670,여주시,32021,흥천면,복대리
4167032022,경기도,41670,여주시,32022,흥천면,계신리
4167032025,경기도,41670,여주시,32025,흥천면,외사리
4167032026,경기도,41670,여주시,32026,흥천면,상대리
4167032027,경기도,41670,여주시,32027,흥천면,다대리
4167032030,경기도,41670,여주시,32030,흥천면,귀백리
4167032031,경기도,41670,여주시,32031,흥천면,율극리
4167032032,경기도,41670,여주시,32032,흥천면,효지리
4167033000,경기도,41670,여주시,33000,금사면,
4167033021,경기도,41670,여주시,33021,금사면,이포리
4167033023,경기도,41670,여주시,33023,금사면,도곡리
4167033025,경기도,41670,여주시,33025,금사면,주록리
4167033026,경기도,41670,여주시,33026,금사면,전북리
4167033028,경기도,41670,여주시,33028,금사면,상호리
4167033029,경기도,41670,여주시,33029,금사면,하호리
4167033031,경기도,41670,여주시,33031,금사면,외평리
4167035021,경기도,41670,여주시,35021,대신면,후포리
4167035022,경기도,41670,여주시,35022,대신면,당산리
4167035025,경기도,41670,여주시,35025,대신면,하림리
4167035026,경기도,41670,여주시,35026,대신면,상구리
4167035027,경기도,41670,여주시,35027,대신면,장풍리
4167035029,경기도,41670,여주시,35029,대신면,윤촌리
4167035030,경기도,41670,여주시,35030,대신면,무촌리
4167035032,경기도,41670,여주시,35032,대신면,계림리
4167035033,경기도,41670,여주시,35033,대신면,송촌리
4167035034,경기도,41670,여주시,35034,대신면,천서리
4167035036,경기도,41670,여주시,35036,대신면,보통리
4167035037,경기도,41670,여주시,35037,대신면,율촌리
4167035038,경기도,41670,여주시,35038,대신면,초현리
4167036000,경기도,41670,여주시,36000,북내면,
4167036021,경기도,41670,여주시,36021,북내면,당우리
4167036023,경기도,41670,여주시,36023,북내면,외룡리
4167036024,경기도,41670,여주시,36024,북내면,내룡리
4167036025,경기도,41670,여주시,36025,북내면,상교리
4167036027,경기도,41670,여주시,36027,북내면,서원리
4167036028,경기도,41670,여주시,36028,북내면,석우리
4167036029,경기도,41670,여주시,36029,북내면,덕산리
4167036031,경기도,41670,여주시,36031,북내면,중암리
4167036032,경기도,41670,여주시,36032,북내면,운촌리
4167036033,경기도,41670,여주시,36033,북내면,신접리
4167036035,경기도,41670,여주시,36035,북내면,가정리
4167037000,경기도,41670,여주시,37000,강천면,
4167037022,경기도,41670,여주시,37022,강천면,걸은리
4167037023,경기도,41670,여주시,37023,강천면,이호리
4167037024,경기도,41670,여주시,37024,강천면,가야리
4167037026,경기도,41670,여주시,37026,강천면,굴암리
4167037027,경기도,41670,여주시,37027,강천면,강천리
4167037028,경기도,41670,여주시,37028,강천면,부평리
4167037029,경기도,41670,여주시,37029,강천면,도전리
4167038000,경기도,41670,여주시,38000,산북면,
4167038021,경기도,41670,여주시,38021,산북면,상품리
4167038022,경기도,41670,여주시,38022,산북면,송현리
4148038025,경기도,41480,파주시,38025,군내면,송산리
4148038026,경기도,41480,파주시,38026,군내면,점원리
4148038027,경기도,41480,파주시,38027,군내면,방목리
4148039000,경기도,41480,파주시,39000,장단면,
4148039021,경기도,41480,파주시,39021,장단면,노상리
4183035025,경기도,41830,양평군,35025,서종면,정배리
4183035026,경기도,41830,양평군,35026,서종면,명달리
4183035027,경기도,41830,양평군,35027,서종면,노문리
4183035028,경기도,41830,양평군,35028,서종면,수입리
4183036000,경기도,41830,양평군,36000,단월면,
4183036021,경기도,41830,양평군,36021,단월면,보룡리
4182031028,경기도,41820,가평군,31028,설악면,창의리
4182031029,경기도,41820,가평군,31029,설악면,엄소리
4182031030,경기도,41820,가평군,31030,설악면,설곡리
4182031031,경기도,41820,가평군,31031,설악면,묵안리
4182031032,경기도,41820,가평군,31032,설악면,가일리
4182031033,경기도,41820,가평군,31033,설악면,방일리
4182031034,경기도,41820,가평군,31034,설악면,천안리
4182031035,경기도,41820,가평군,31035,설악면,이천리
4150038026,경기도,41500,이천시,38026,율면,석산리
4150038027,경기도,41500,이천시,38027,율면,산성리
4150038028,경기도,41500,이천시,38028,율면,오성리
4150038029,경기도,41500,이천시,38029,율면,월포리
4150038030,경기도,41500,이천시,38030,율면,총곡리
4155000000,경기도,41550,안성시,00000,,
4155010100,경기도,41550,안성시,10100,봉산동,
4155010200,경기도,41550,안성시,10200,숭인동,
4155010300,경기도,41550,안성시,10300,영동,
4155010400,경기도,41550,안성시,10400,봉남동,
4155010500,경기도,41550,안성시,10500,구포동,
4155010600,경기도,41550,안성시,10600,동본동,
4155010700,경기도,41550,안성시,10700,명륜동,
4155010800,경기도,41550,안성시,10800,옥천동,
4155010900,경기도,41550,안성시,10900,낙원동,
4155011100,경기도,41550,안성시,11100,성남동,
4155011200,경기도,41550,안성시,11200,신흥동,
4155011400,경기도,41550,안성시,11400,금산동,
4155011500,경기도,41550,안성시,11500,연지동,
4155011700,경기도,41550,안성시,11700,서인동,
4155011800,경기도,41550,안성시,11800,석정동,
4155038021,경기도,41550,안성시,38021,원곡면,성은리
4155038023,경기도,41550,안성시,38023,원곡면,지문리
4155038024,경기도,41550,안성시,38024,원곡면,산하리
4155011900,경기도,41550,안성시,11900,아양동,
4155012000,경기도,41550,안성시,12000,금석동,
4155012100,경기도,41550,안성시,12100,계동,
4155012300,경기도,41550,안성시,12300,사곡동,
4155012400,경기도,41550,안성시,12400,도기동,
4155012500,경기도,41550,안성시,12500,당왕동,
4155012700,경기도,41550,안성시,12700,가현동,
4155012800,경기도,41550,안성시,12800,신건지동,
4155013000,경기도,41550,안성시,13000,신모산동,
4155013100,경기도,41550,안성시,13100,현수동,
4155034021,경기도,41550,안성시,34021,미양면,구례리
4155034022,경기도,41550,안성시,34022,미양면,계륵리
4155034023,경기도,41550,안성시,34023,미양면,개정리
4155034025,경기도,41550,안성시,34025,미양면,법전리
4155034026,경기도,41550,안성시,34026,미양면,용두리
4155034028,경기도,41550,안성시,34028,미양면,정동리
4155042025,경기도,41550,안성시,42025,고삼면,삼은리
4155042026,경기도,41550,안성시,42026,고삼면,봉산리
4157000000,경기도,41570,김포시,00000,,
4157010100,경기도,41570,김포시,10100,북변동,
4157010200,경기도,41570,김포시,10200,걸포동,
4150037030,경기도,41500,이천시,37030,설성면,상봉리
4150037031,경기도,41500,이천시,37031,설성면,수산리
4150038000,경기도,41500,이천시,38000,율면,
4150038021,경기도,41500,이천시,38021,율면,고당리
4150038022,경기도,41500,이천시,38022,율면,신추리
4150038024,경기도,41500,이천시,38024,율면,북두리
4150038025,경기도,41500,이천시,38025,율면,산양리
4148039022,경기도,41480,파주시,39022,장단면,노하리
4148039024,경기도,41480,파주시,39024,장단면,도라산리
4148039025,경기도,41480,파주시,39025,장단면,석곶리
4148039027,경기도,41480,파주시,39027,장단면,동장리
4148039028,경기도,41480,파주시,39028,장단면,정동리
4148040000,경기도,41480,파주시,40000,진동면,
4148040022,경기도,41480,파주시,40022,진동면,용산리
4148040023,경기도,41480,파주시,40023,진동면,하포리
4148040024,경기도,41480,파주시,40024,진동면,서곡리
4148041000,경기도,41480,파주시,41000,진서면,
4148041022,경기도,41480,파주시,41022,진서면,어룡리
4150010100,경기도,41500,이천시,10100,창전동,
4150010200,경기도,41500,이천시,10200,관고동,
4150010400,경기도,41500,이천시,10400,증일동,
4150010500,경기도,41500,이천시,10500,율현동,
4150010600,경기도,41500,이천시,10600,진리동,
4150010700,경기도,41500,이천시,10700,안흥동,
4150010800,경기도,41500,이천시,10800,갈산동,
4150010900,경기도,41500,이천시,10900,증포동,
4150011000,경기도,41500,이천시,11000,송정동,
4150011100,경기도,41500,이천시,11100,사음동,
4150011200,경기도,41500,이천시,11200,단월동,
4150011300,경기도,41500,이천시,11300,대포동,
4150011400,경기도,41500,이천시,11400,고담동,
4127311300,경기도,41273,안산시단원구,11300,선감동,
4127311400,경기도,41273,안산시단원구,11400,풍도동,
4127311500,경기도,41273,안산시단원구,11500,화정동,
4128000000,경기도,41280,고양시,00000,,
4128100000,경기도,41281,고양시덕양구,00000,,
4128110100,경기도,41281,고양시덕양구,10100,주교동,
4145011900,경기도,41450,하남시,11900,하사창동,
4145012000,경기도,41450,하남시,12000,상사창동,
4145012100,경기도,41450,하남시,12100,항동,
4145012200,경기도,41450,하남시,12200,초일동,
4145012300,경기도,41450,하남시,12300,초이동,
4145012400,경기도,41450,하남시,12400,광암동,
4148039029,경기도,41480,파주시,39029,장단면,덕산리
4148041024,경기도,41480,파주시,41024,진서면,선적리
4139010600,경기도,41390,시흥시,10600,은행동,
4139010700,경기도,41390,시흥시,10700,안현동,
4139010800,경기도,41390,시흥시,10800,매화동,
4139010900,경기도,41390,시흥시,10900,도창동,
4139011000,경기도,41390,시흥시,11000,금이동,
4139011200,경기도,41390,시흥시,11200,과림동,
4139011300,경기도,41390,시흥시,11300,계수동,
4139011700,경기도,41390,시흥시,11700,화정동,
4139011800,경기도,41390,시흥시,11800,능곡동,
4139011900,경기도,41390,시흥시,11900,하중동,
4139012000,경기도,41390,시흥시,12000,하상동,
4139012100,경기도,41390,시흥시,12100,광석동,
4139012200,경기도,41390,시흥시,12200,물왕동,
4139012300,경기도,41390,시흥시,12300,산현동,
4139012400,경기도,41390,시흥시,12400,조남동,
4131010500,경기도,41310,구리시,10500,수택동,
4131010600,경기도,41310,구리시,10600,아천동,
4131010700,경기도,41310,구리시,10700,토평동,
4136010100,경기도,41360,남양주시,10100,호평동,
4136010200,경기도,41360,남양주시,10200,평내동,
4136010400,경기도,41360,남양주시,10400,일패동,
4136010500,경기도,41360,남양주시,10500,이패동,
4136010700,경기도,41360,남양주시,10700,가운동,
4136010800,경기도,41360,남양주시,10800,수석동,
4136010900,경기도,41360,남양주시,10900,지금동,
4148036027,경기도,41480,파주시,36027,파평면,장파리
4148037000,경기도,41480,파주시,37000,적성면,
4148037022,경기도,41480,파주시,37022,적성면,장좌리
4148037023,경기도,41480,파주시,37023,적성면,장현리
4148037024,경기도,41480,파주시,37024,적성면,구읍리
4148037026,경기도,41480,파주시,37026,적성면,가월리
4150033021,경기도,41500,이천시,33021,호법면,유산리
4150033022,경기도,41500,이천시,33022,호법면,안평리
4150033024,경기도,41500,이천시,33024,호법면,단천리
4150033025,경기도,41500,이천시,33025,호법면,매곡리
4150033027,경기도,41500,이천시,33027,호법면,주박리
4150033028,경기도,41500,이천시,33028,호법면,주미리
4150033029,경기도,41500,이천시,33029,호법면,송갈리
4150034021,경기도,41500,이천시,34021,마장면,오천리
4150034022,경기도,41500,이천시,34022,마장면,양촌리
4150034024,경기도,41500,이천시,34024,마장면,회억리
4150034025,경기도,41500,이천시,34025,마장면,장암리
4150034026,경기도,41500,이천시,34026,마장면,목리
4150034028,경기도,41500,이천시,34028,마장면,이치리
4150034029,경기도,41500,이천시,34029,마장면,각평리
4150034030,경기도,41500,이천시,34030,마장면,덕평리
4150034032,경기도,41500,이천시,34032,마장면,해월리
4150034033,경기도,41500,이천시,34033,마장면,작촌리
4150035025,경기도,41500,이천시,35025,대월면,초지리
4150035026,경기도,41500,이천시,35026,대월면,사동리
4150035027,경기도,41500,이천시,35027,대월면,대대리
4150035029,경기도,41500,이천시,35029,대월면,도리리
4150035030,경기도,41500,이천시,35030,대월면,구시리
4150035032,경기도,41500,이천시,35032,대월면,송라리
4150035033,경기도,41500,이천시,35033,대월면,장평리
4150035034,경기도,41500,이천시,35034,대월면,부필리
4150036021,경기도,41500,이천시,36021,모가면,진가리
4150036022,경기도,41500,이천시,36022,모가면,서경리
4150036024,경기도,41500,이천시,36024,모가면,송곡리
4150036025,경기도,41500,이천시,36025,모가면,소사리
4150036026,경기도,41500,이천시,36026,모가면,양평리
4150036028,경기도,41500,이천시,36028,모가면,소고리
4150036029,경기도,41500,이천시,36029,모가면,신갈리
4150036030,경기도,41500,이천시,36030,모가면,어농리
4136025021,경기도,41360,남양주시,25021,와부읍,덕소리
4182033030,경기도,41820,가평군,33030,상면,원흥리
4127311100,경기도,41273,안산시단원구,11100,대부북동,
4127311200,경기도,41273,안산시단원구,11200,대부남동,
4183031025,경기도,41830,양평군,31025,강상면,화양리
4183031026,경기도,41830,양평군,31026,강상면,세월리
4183031027,경기도,41830,양평군,31027,강상면,대석리
4183032000,경기도,41830,양평군,32000,강하면,
4183032021,경기도,41830,양평군,32021,강하면,운심리
4183032022,경기도,41830,양평군,32022,강하면,왕창리
4183032023,경기도,41830,양평군,32023,강하면,동오리
4183032024,경기도,41830,양평군,32024,강하면,항금리
4167038023,경기도,41670,여주시,38023,산북면,후리
4167038024,경기도,41670,여주시,38024,산북면,명품리
4167038025,경기도,41670,여주시,38025,산북면,주어리
4167038026,경기도,41670,여주시,38026,산북면,백자리
4167038027,경기도,41670,여주시,38027,산북면,용담리
4167031035,경기도,41670,여주시,31035,점동면,처리
4167032024,경기도,41670,여주시,32024,흥천면,내사리
4167032029,경기도,41670,여주시,32029,흥천면,상백리
4167032034,경기도,41670,여주시,32034,흥천면,신근리
4167033024,경기도,41670,여주시,33024,금사면,장흥리
4167033030,경기도,41670,여주시,33030,금사면,금사리
4167035024,경기도,41670,여주시,35024,대신면,천남리
4139013500,경기도,41390,시흥시,13500,배곧동,
4122012800,경기도,41220,평택시,12800,고덕동,
4161037000,경기도,41610,광주시,37000,남한산성면,
4161037021,경기도,41610,광주시,37021,남한산성면,산성리
4161037022,경기도,41610,광주시,37022,남한산성면,엄미리
4161037023,경기도,41610,광주시,37023,남한산성면,광지원리
4161037024,경기도,41610,광주시,37024,남한산성면,상번천리
4161037025,경기도,41610,광주시,37025,남한산성면,하번천리
4161037026,경기도,41610,광주시,37026,남한산성면,오전리
4161037027,경기도,41610,광주시,37027,남한산성면,불당리
4161037028,경기도,41610,광주시,37028,남한산성면,검복리
4136000000,경기도,41360,남양주시,00000,,
4136010300,경기도,41360,남양주시,10300,금곡동,
4136010600,경기도,41360,남양주시,10600,삼패동,
4136011000,경기도,41360,남양주시,11000,도농동,
4148037021,경기도,41480,파주시,37021,적성면,어유지리
4148037025,경기도,41480,파주시,37025,적성면,객현리
4150033023,경기도,41500,이천시,33023,호법면,후안리
4150033026,경기도,41500,이천시,33026,호법면,동산리
4150034000,경기도,41500,이천시,34000,마장면,
4150034023,경기도,41500,이천시,34023,마장면,관리
4150034027,경기도,41500,이천시,34027,마장면,표교리
4150034031,경기도,41500,이천시,34031,마장면,이평리
4150035000,경기도,41500,이천시,35000,대월면,
4150035028,경기도,41500,이천시,35028,대월면,대흥리
4150035031,경기도,41500,이천시,35031,대월면,군량리
4150036000,경기도,41500,이천시,36000,모가면,
4150036023,경기도,41500,이천시,36023,모가면,산내리
4150036027,경기도,41500,이천시,36027,모가면,원두리
4136025000,경기도,41360,남양주시,25000,와부읍,
4182034528,경기도,41820,가평군,34528,조종면,운악리
4146310800,경기도,41463,용인시기흥구,10800,고매동,
4146311100,경기도,41463,용인시기흥구,11100,영덕동,
4146111000,경기도,41461,용인시처인구,11000,해곡동,
4146125023,경기도,41461,용인시처인구,25023,포곡읍,둔전리
4146125027,경기도,41461,용인시처인구,25027,포곡읍,전대리
4146125921,경기도,41461,용인시처인구,25921,남사읍,봉무리
4146125925,경기도,41461,용인시처인구,25925,남사읍,진목리
4146125929,경기도,41461,용인시처인구,25929,남사읍,창리
4183039527,경기도,41830,양평군,39527,지평면,대평리
4159012400,경기도,41590,화성시,12400,기안동,
4159011600,경기도,41590,화성시,11600,진안동,
4159025929,경기도,41590,화성시,25929,향남읍,백토리
4148036028,경기도,41480,파주시,36028,파평면,눌노리
4159034035,경기도,41590,화성시,34035,송산면,칠곡리
4159035023,경기도,41590,화성시,35023,서신면,광평리
4159035026,경기도,41590,화성시,35026,서신면,제부리
4121010300,경기도,41210,광명시,10300,하안동,
4180025029,경기도,41800,연천군,25029,연천읍,고문리
4180025322,경기도,41800,연천군,25322,전곡읍,은대리
4180025325,경기도,41800,연천군,25325,전곡읍,마포리
4159013500,경기도,41590,화성시,13500,산척동,
4159013800,경기도,41590,화성시,13800,방교동,
4182034521,경기도,41820,가평군,34521,조종면,현리
4182034525,경기도,41820,가평군,34525,조종면,신하리
4157025622,경기도,41570,김포시,25622,양촌읍,누산리
4157025626,경기도,41570,김포시,25626,양촌읍,학운리
4113313200,경기도,41133,성남시중원구,13200,중앙동,
4155036028,경기도,41550,안성시,36028,양성면,이현리
4155036032,경기도,41550,안성시,36032,양성면,미산리
4155036036,경기도,41550,안성시,36036,양성면,명목리
4155038000,경기도,41550,안성시,38000,원곡면,
4157036030,경기도,41570,김포시,36030,하성면,봉성리
4159013000,경기도,41590,화성시,13000,청계동,
4111513900,경기도,41115,수원시팔달구,13900,지동,
4111700000,경기도,41117,수원시영통구,00000,,
4111710300,경기도,41117,수원시영통구,10300,이의동,
4111710700,경기도,41117,수원시영통구,10700,망포동,
4113110200,경기도,41131,성남시수정구,10200,태평동,
4122034028,경기도,41220,평택시,34028,오성면,당거리
4113110800,경기도,41131,성남시수정구,10800,창곡동,
4113111200,경기도,41131,성남시수정구,11200,고등동,
4113111600,경기도,41131,성남시수정구,11600,금토동,
4146125300,경기도,41461,용인시처인구,25300,모현읍,
4146125324,경기도,41461,용인시처인구,25324,모현읍,일산리
4146125328,경기도,41461,용인시처인구,25328,모현읍,오산리
4146125623,경기도,41461,용인시처인구,25623,이동읍,묘봉리
4146125627,경기도,41461,용인시처인구,25627,이동읍,묵리
4111313400,경기도,41113,수원시권선구,13400,금곡동,
4111313800,경기도,41113,수원시권선구,13800,장지동,
4117110100,경기도,41171,안양시만안구,10100,안양동,
4117310100,경기도,41173,안양시동안구,10100,비산동,
4117310400,경기도,41173,안양시동안구,10400,호계동,
4165010500,경기도,41650,포천시,10500,설운동,
4165025021,경기도,41650,포천시,25021,소흘읍,송우리
4165025025,경기도,41650,포천시,25025,소흘읍,직동리
4165025029,경기도,41650,포천시,25029,소흘읍,무봉리
4165038021,경기도,41650,포천시,38021,이동면,장암리
4165039000,경기도,41650,포천시,39000,영북면,
4165039023,경기도,41650,포천시,39023,영북면,산정리
4165039027,경기도,41650,포천시,39027,영북면,소회산리
4165040023,경기도,41650,포천시,40023,관인면,초과리
4122037021,경기도,41220,평택시,37021,현덕면,도대리
4122037024,경기도,41220,평택시,37024,현덕면,황산리
4122037028,경기도,41220,평택시,37028,현덕면,대안리
4122012500,경기도,41220,평택시,12500,월곡동,
4122025000,경기도,41220,평택시,25000,팽성읍,
4122025023,경기도,41220,평택시,25023,팽성읍,추팔리
4122025027,경기도,41220,평택시,25027,팽성읍,두리
4122033027,경기도,41220,평택시,33027,고덕면,동고리
4122033030,경기도,41220,평택시,33030,고덕면,율포리
4122034022,경기도,41220,평택시,34022,오성면,교포리
4180036021,경기도,41800,연천군,36021,신서면,대광리
4180036024,경기도,41800,연천군,36024,신서면,마전리
4161010300,경기도,41610,광주시,10300,송정동,
4161010600,경기도,41610,광주시,10600,목현동,
4146110100,경기도,41461,용인시처인구,10100,김량장동,
4146110500,경기도,41461,용인시처인구,10500,유방동,
4161025900,경기도,41610,광주시,25900,곤지암읍,
4161025924,경기도,41610,광주시,25924,곤지암읍,봉현리
4161025928,경기도,41610,광주시,25928,곤지암읍,유사리
4161025931,경기도,41610,광주시,25931,곤지암읍,장심리
4161025935,경기도,41610,광주시,25935,곤지암읍,신대리
4159026223,경기도,41590,화성시,26223,남양읍,장덕리
4159026227,경기도,41590,화성시,26227,남양읍,무송리
4159026231,경기도,41590,화성시,26231,남양읍,장전리
4159026234,경기도,41590,화성시,26234,남양읍,시리
4146134023,경기도,41461,용인시처인구,34023,원삼면,좌항리
4146134028,경기도,41461,용인시처인구,34028,원삼면,죽능리
4159012000,경기도,41590,화성시,12000,반월동,
4159012300,경기도,41590,화성시,12300,배양동,
4146311600,경기도,41463,용인시기흥구,11600,중동,
4146500000,경기도,41465,용인시수지구,00000,,
4146510400,경기도,41465,용인시수지구,10400,고기동,
4146510700,경기도,41465,용인시수지구,10700,상현동,
4159031022,경기도,41590,화성시,31022,매송면,원평리
4159031026,경기도,41590,화성시,31026,매송면,송라리
4159032021,경기도,41590,화성시,32021,비봉면,양노리
4159032025,경기도,41590,화성시,32025,비봉면,구포리
4159033000,경기도,41590,화성시,33000,마도면,
4159033023,경기도,41590,화성시,33023,마도면,송정리
4159033027,경기도,41590,화성시,33027,마도면,해문리
4159034000,경기도,41590,화성시,34000,송산면,
4159034023,경기도,41590,화성시,34023,송산면,삼존리
4159034027,경기도,41590,화성시,34027,송산면,천등리
4163034021,경기도,41630,양주시,34021,장흥면,교현리
4163034025,경기도,41630,양주시,34025,장흥면,일영리
4165010100,경기도,41650,포천시,10100,신읍동,
4165034027,경기도,41650,포천시,34027,신북면,고일리
4165034031,경기도,41650,포천시,34031,신북면,금동리
4127110600,경기도,41271,안산시상록구,10600,양상동,
4127111000,경기도,41271,안산시상록구,11000,팔곡일동,
4127111400,경기도,41271,안산시상록구,11400,장상동,
4127300000,경기도,41273,안산시단원구,00000,,
4163025023,경기도,41630,양주시,25023,백석읍,복지리
4163025027,경기도,41630,양주시,25027,백석읍,기산리
4163031023,경기도,41630,양주시,31023,은현면,운암리
4155042021,경기도,41550,안성시,42021,고삼면,쌍지리
4155042024,경기도,41550,안성시,42024,고삼면,가유리
4183036024,경기도,41830,양평군,36024,단월면,향소리
4183036028,경기도,41830,양평군,36028,단월면,석산리
4183037021,경기도,41830,양평군,37021,청운면,용두리
4183037025,경기도,41830,양평군,37025,청운면,갈운리
4183037029,경기도,41830,양평군,37029,청운면,다대리
4183038023,경기도,41830,양평군,38023,양동면,매월리
4148025322,경기도,41480,파주시,25322,파주읍,향양리
4159025300,경기도,41590,화성시,25300,봉담읍,
4159025323,경기도,41590,화성시,25323,봉담읍,수영리
4159025327,경기도,41590,화성시,25327,봉담읍,분천리
4159025331,경기도,41590,화성시,25331,봉담읍,마하리
4159025334,경기도,41590,화성시,25334,봉담읍,덕우리
4157010600,경기도,41570,김포시,10600,사우동,
4183038024,경기도,41830,양평군,38024,양동면,고송리
4115010800,경기도,41150,의정부시,10800,자일동,
4111113300,경기도,41111,수원시장안구,13300,천천동,
4111113700,경기도,41111,수원시장안구,13700,연무동,
4111312600,경기도,41113,수원시권선구,12600,세류동,
4115011200,경기도,41150,의정부시,11200,고산동,
4122032026,경기도,41220,평택시,32026,서탄면,회화리
4155031030,경기도,41550,안성시,31030,보개면,내방리
4159035029,경기도,41590,화성시,35029,서신면,매화리
4159036000,경기도,41590,화성시,36000,팔탄면,
4159036023,경기도,41590,화성시,36023,팔탄면,기천리
4159036027,경기도,41590,화성시,36027,팔탄면,노하리
4159036031,경기도,41590,화성시,36031,팔탄면,서근리
4161035024,경기도,41610,광주시,35024,남종면,삼성리
4159041022,경기도,41590,화성시,41022,정남면,괘랑리
4159041026,경기도,41590,화성시,41026,정남면,백리
4159041029,경기도,41590,화성시,41029,정남면,계향리
4159041033,경기도,41590,화성시,41033,정남면,음양리
4159040025,경기도,41590,화성시,40025,양감면,용소리
4159041021,경기도,41590,화성시,41021,정남면,발산리
4161033000,경기도,41610,광주시,33000,도척면,
4161033024,경기도,41610,광주시,33024,도척면,추곡리
4161033027,경기도,41610,광주시,33027,도척면,궁평리
4161034022,경기도,41610,광주시,34022,퇴촌면,관음리
4163032021,경기도,41630,양주시,32021,남면,신산리
4163032024,경기도,41630,양주시,32024,남면,구암리
4163032028,경기도,41630,양주시,32028,남면,입암리
4128710800,경기도,41287,고양시일산서구,10800,법곳동,
4129010300,경기도,41290,과천시,10300,갈현동,
4122037032,경기도,41220,평택시,37032,현덕면,방축리
4125010200,경기도,41250,동두천시,10200,지행동,
4125010600,경기도,41250,동두천시,10600,보산동,
4125010900,경기도,41250,동두천시,10900,상봉암동,
4127000000,경기도,41270,안산시,00000,,
4128112300,경기도,41281,고양시덕양구,12300,화정동,
4128112600,경기도,41281,고양시덕양구,12600,행주외동,
4128113000,경기도,41281,고양시덕양구,13000,현천동,
4128510100,경기도,41285,고양시일산동구,10100,식사동,
4128510500,경기도,41285,고양시일산동구,10500,마두동,
4128510900,경기도,41285,고양시일산동구,10900,사리현동,
4113511200,경기도,41135,성남시분당구,11200,궁내동,
4113511600,경기도,41135,성남시분당구,11600,대장동,
4115010100,경기도,41150,의정부시,10100,의정부동,
4115010400,경기도,41150,의정부시,10400,신곡동,
4122031021,경기도,41220,평택시,31021,진위면,봉남리
4122031024,경기도,41220,평택시,31024,진위면,동천리
4122031028,경기도,41220,평택시,31028,진위면,야막리
4122031032,경기도,41220,평택시,31032,진위면,신리
4122032022,경기도,41220,평택시,32022,서탄면,사리
4128111100,경기도,41281,고양시덕양구,11100,삼송동,
4128111500,경기도,41281,고양시덕양구,11500,선유동,
4128111800,경기도,41281,고양시덕양구,11800,관산동,
4163032000,경기도,41630,양주시,32000,남면,
4155032033,경기도,41550,안성시,32033,금광면,석하리
4155032034,경기도,41550,안성시,32034,금광면,신양복리
4155033023,경기도,41550,안성시,33023,서운면,송정리
4155033026,경기도,41550,안성시,33026,서운면,현매리
4155033030,경기도,41550,안성시,33030,서운면,신기리
4155033034,경기도,41550,안성시,33034,서운면,북산리
4155034030,경기도,41550,안성시,34030,미양면,진촌리
4155034033,경기도,41550,안성시,34033,미양면,보체리
4155034037,경기도,41550,안성시,34037,미양면,마산리
4155035022,경기도,41550,안성시,35022,대덕면,토현리
4155035026,경기도,41550,안성시,35026,대덕면,진현리
4155035029,경기도,41550,안성시,35029,대덕면,대농리
4155035033,경기도,41550,안성시,35033,대덕면,소내리
4155036022,경기도,41550,안성시,36022,양성면,구장리
4155036025,경기도,41550,안성시,36025,양성면,조일리
4111312900,경기도,41113,수원시권선구,12900,오목천동,
4165033026,경기도,41650,포천시,33026,가산면,금현리
4165034021,경기도,41650,포천시,34021,신북면,가채리
4159041038,경기도,41590,화성시,41038,정남면,고지리
4161010200,경기도,41610,광주시,10200,쌍령동,
4180025021,경기도,41800,연천군,25021,연천읍,차탄리
4180025025,경기도,41800,연천군,25025,연천읍,옥산리
4165035000,경기도,41650,포천시,35000,창수면,
4165035023,경기도,41650,포천시,35023,창수면,가양리
4165035027,경기도,41650,포천시,35027,창수면,신흥리
4122025329,경기도,41220,평택시,25329,안중읍,송담리
4136025625,경기도,41360,남양주시,25625,화도읍,금남리
4165041022,경기도,41650,포천시,41022,화현면,명덕리
4180035025,경기도,41800,연천군,35025,왕징면,강서리
4180035028,경기도,41800,연천군,35028,왕징면,고잔상리
4180035032,경기도,41800,연천군,35032,왕징면,임강리
4180035036,경기도,41800,연천군,35036,왕징면,장학리
4148026200,경기도,41480,파주시,26200,조리읍,
4148026223,경기도,41480,파주시,26223,조리읍,등원리
4148026227,경기도,41480,파주시,26227,조리읍,대원리
4148031022,경기도,41480,파주시,31022,월롱면,도내리
4148032000,경기도,41480,파주시,32000,탄현면,
4148032023,경기도,41480,파주시,32023,탄현면,갈현리
4148032027,경기도,41480,파주시,32027,탄현면,축현리
4148032030,경기도,41480,파주시,32030,탄현면,낙하리
4148035021,경기도,41480,파주시,35021,광탄면,분수리
4148035025,경기도,41480,파주시,35025,광탄면,창만리
4148035029,경기도,41480,파주시,35029,광탄면,영장리
4137011400,경기도,41370,오산시,11400,지곶동,
4137011700,경기도,41370,오산시,11700,벌음동,
4137012000,경기도,41370,오산시,12000,누읍동,
4137012400,경기도,41370,오산시,12400,갈곶동,
4129010700,경기도,41290,과천시,10700,중앙동,
4129011000,경기도,41290,과천시,11000,부림동,
4131010200,경기도,41310,구리시,10200,사노동,
4139010300,경기도,41390,시흥시,10300,방산동,
4127310300,경기도,41273,안산시단원구,10300,신길동,
4127310700,경기도,41273,안산시단원구,10700,초지동,
4127311000,경기도,41273,안산시단원구,11000,대부동동,
4180035022,경기도,41800,연천군,35022,왕징면,노동리
4141010500,경기도,41410,군포시,10500,금정동,
4141010800,경기도,41410,군포시,10800,대야미동,
4143010200,경기도,41430,의왕시,10200,이동,
4143010500,경기도,41430,의왕시,10500,오전동,
4143010800,경기도,41430,의왕시,10800,청계동,
4143011100,경기도,41430,의왕시,11100,초평동,
4145010300,경기도,41450,하남시,10300,창우동,
4148037027,경기도,41480,파주시,37027,적성면,무건리
4148037031,경기도,41480,파주시,37031,적성면,주월리
4148037034,경기도,41480,파주시,37034,적성면,두지리
4182031022,경기도,41820,가평군,31022,설악면,선촌리
4182031026,경기도,41820,가평군,31026,설악면,미사리
4180025328,경기도,41800,연천군,25328,전곡읍,늘목리
4180031023,경기도,41800,연천군,31023,군남면,삼거리
4148025626,경기도,41480,파주시,25626,법원읍,삼방리
4148025630,경기도,41480,파주시,25630,법원읍,금곡리
4139012800,경기도,41390,시흥시,12800,군자동,
4139013100,경기도,41390,시흥시,13100,월곶동,
4139013400,경기도,41390,시흥시,13400,무지내동,
4141010300,경기도,41410,군포시,10300,부곡동,
4182032521,경기도,41820,가평군,32521,청평면,청평리
4182032525,경기도,41820,가평군,32525,청평면,호명리
4182033000,경기도,41820,가평군,33000,상면,
4182033024,경기도,41820,가평군,33024,상면,임초리
4182033027,경기도,41820,가평군,33027,상면,상동리
4182035021,경기도,41820,가평군,35021,북면,목동리
4182035024,경기도,41820,가평군,35024,북면,도대리
4150037000,경기도,41500,이천시,37000,설성면,
4150037023,경기도,41500,이천시,37023,설성면,행죽리
4150025021,경기도,41500,이천시,25021,장호원읍,장호원리
4136025324,경기도,41360,남양주시,25324,진접읍,연평리
4180033028,경기도,41800,연천군,33028,백학면,두현리
4180033033,경기도,41800,연천군,33033,백학면,석주원리
4180033037,경기도,41800,연천군,33037,백학면,오음리
4180033040,경기도,41800,연천군,33040,백학면,고읍리
4183041028,경기도,41830,양평군,41028,개군면,자연리
4183041032,경기도,41830,양평군,41032,개군면,계전리
4182035027,경기도,41820,가평군,35027,북면,제령리
4183025021,경기도,41830,양평군,25021,양평읍,양근리
4136025327,경기도,41360,남양주시,25327,진접읍,진벌리
4145010600,경기도,41450,하남시,10600,신장동,
4145010900,경기도,41450,하남시,10900,망월동,
4145011200,경기도,41450,하남시,11200,선동,
4145011500,경기도,41450,하남시,11500,감이동,
4148000000,경기도,41480,파주시,00000,,
4148010200,경기도,41480,파주시,10200,아동동,
4148025000,경기도,41480,파주시,25000,문산읍,
4148025023,경기도,41480,파주시,25023,문산읍,선유리
4148025027,경기도,41480,파주시,25027,문산읍,마정리
4150025033,경기도,41500,이천시,25033,장호원읍,노탑리
4150032032,경기도,41500,이천시,32032,백사면,백우리
4155025022,경기도,41550,안성시,25022,공도읍,웅교리
4155025025,경기도,41550,안성시,25025,공도읍,용두리
4155025029,경기도,41550,안성시,25029,공도읍,만정리
4155039000,경기도,41550,안성시,39000,일죽면,
4155039023,경기도,41550,안성시,39023,일죽면,죽림리
4155039027,경기도,41550,안성시,39027,일죽면,방초리
4155039030,경기도,41550,안성시,39030,일죽면,화곡리
4155039034,경기도,41550,안성시,39034,일죽면,장암리
4155040022,경기도,41550,안성시,40022,죽산면,매산리
4155040026,경기도,41550,안성시,40026,죽산면,장계리
4155040029,경기도,41550,안성시,40029,죽산면,당목리
4155041022,경기도,41550,안성시,41022,삼죽면,율곡리
4155041026,경기도,41550,안성시,41026,삼죽면,내강리
4183025028,경기도,41830,양평군,25028,양평읍,대흥리
4183025032,경기도,41830,양평군,25032,양평읍,창대리
4183031023,경기도,41830,양평군,31023,강상면,교평리
4157025300,경기도,41570,김포시,25300,고촌읍,
4122025922,경기도,41220,평택시,25922,청북읍,삼계리
4122025926,경기도,41220,평택시,25926,청북읍,토진리
4122025930,경기도,41220,평택시,25930,청북읍,한산리
4148010700,경기도,41480,파주시,10700,교하동,
4148011100,경기도,41480,파주시,11100,상지석동,
4148011400,경기도,41480,파주시,11400,당하동,
4148011700,경기도,41480,파주시,11700,목동동,
4148012100,경기도,41480,파주시,12100,연다산동,
4136011200,경기도,41360,남양주시,11200,다산동,
4161011800,경기도,41610,광주시,11800,추자동,
4161011600,경기도,41610,광주시,11600,능평동,
4119010600,경기도,41190,부천시,10600,소사동,
4119010400,경기도,41190,부천시,10400,도당동,
4119011100,경기도,41190,부천시,11100,심곡본동,
4119011300,경기도,41190,부천시,11300,괴안동,
4119011600,경기도,41190,부천시,11600,계수동,
4119012100,경기도,41190,부천시,12100,고강동,
4119012300,경기도,41190,부천시,12300,삼정동,
4167010100,경기도,41670,여주시,10100,상동,
4167010400,경기도,41670,여주시,10400,우만동,
4167010800,경기도,41670,여주시,10800,교동,
4167011100,경기도,41670,여주시,11100,연라동,
4167011400,경기도,41670,여주시,11400,삼교동,
4167031031,경기도,41670,여주시,31031,점동면,장안리
4167031034,경기도,41670,여주시,31034,점동면,흔암리
4167032023,경기도,41670,여주시,32023,흥천면,문장리
4167032028,경기도,41670,여주시,32028,흥천면,하다리
4167032033,경기도,41670,여주시,32033,흥천면,대당리
4167033022,경기도,41670,여주시,33022,금사면,궁리
4167033027,경기도,41670,여주시,33027,금사면,소유리
4167035000,경기도,41670,여주시,35000,대신면,
4167035023,경기도,41670,여주시,35023,대신면,가산리
4167035028,경기도,41670,여주시,35028,대신면,옥촌리
4167035031,경기도,41670,여주시,35031,대신면,도롱리
4167035035,경기도,41670,여주시,35035,대신면,당남리
4167035039,경기도,41670,여주시,35039,대신면,양촌리
4167036022,경기도,41670,여주시,36022,북내면,신남리
4167036026,경기도,41670,여주시,36026,북내면,주암리
4167036030,경기도,41670,여주시,36030,북내면,장암리
4167036034,경기도,41670,여주시,36034,북내면,지내리
4167037021,경기도,41670,여주시,37021,강천면,간매리
4167037025,경기도,41670,여주시,37025,강천면,적금리
4155011000,경기도,41550,안성시,11000,창전동,
4155011300,경기도,41550,안성시,11300,인지동,
4155011600,경기도,41550,안성시,11600,대천동,
4155038022,경기도,41550,안성시,38022,원곡면,칠곡리
4155038025,경기도,41550,안성시,38025,원곡면,내가천리
4155012200,경기도,41550,안성시,12200,옥산동,
4155012600,경기도,41550,안성시,12600,가사동,
4155012900,경기도,41550,안성시,12900,신소현동,
4155013200,경기도,41550,안성시,13200,발화동,
4155034024,경기도,41550,안성시,34024,미양면,신계리
4155034027,경기도,41550,안성시,34027,미양면,고지리
4155042027,경기도,41550,안성시,42027,고삼면,월향리
4150037029,경기도,41500,이천시,37029,설성면,송계리
4150037032,경기도,41500,이천시,37032,설성면,대죽리
4150038023,경기도,41500,이천시,38023,율면,본죽리
4148039023,경기도,41480,파주시,39023,장단면,거곡리
4148039026,경기도,41480,파주시,39026,장단면,강정리
4148040021,경기도,41480,파주시,40021,진동면,동파리
4148040025,경기도,41480,파주시,40025,진동면,초리
4150000000,경기도,41500,이천시,00000,,
4150010300,경기도,41500,이천시,10300,중리동,

